{
  "dataset": "synthetic-grocery-deep",
  "k": 10,
  "n_eval_entities": 500,
  "kindling_version": "0.0.1.dev0",
  "results": [
    {
      "fraction": 0.3,
      "n_train_interactions": 48600,
      "n_train_entities": 1500,
      "n_train_items": 200,
      "model_name": "kindling",
      "fit_seconds": 2.9526506670517847,
      "recommend_p50_ms": 4.071291477885097,
      "recommend_p95_ms": 5.260619078762829,
      "metrics": {
        "precision_at_k": 0.06750524109014676,
        "recall_at_k": 0.18946765731356927,
        "ndcg_at_k": 0.12824392373509313,
        "mrr": 0.1693878739476224,
        "hit_rate": 0.45073375262054505,
        "coverage": 1.0,
        "intra_list_diversity": 1.0,
        "n_entities_evaluated": 477,
        "k": 10
      }
    },
    {
      "fraction": 0.3,
      "n_train_interactions": 48600,
      "n_train_entities": 1500,
      "n_train_items": 200,
      "model_name": "popularity",
      "fit_seconds": 0.02931208291556686,
      "recommend_p50_ms": 0.0009170034900307655,
      "recommend_p95_ms": 0.001208973117172718,
      "metrics": {
        "precision_at_k": 0.025995807127882596,
        "recall_at_k": 0.05131421397144667,
        "ndcg_at_k": 0.0387441190790308,
        "mrr": 0.06526654687032045,
        "hit_rate": 0.21174004192872117,
        "coverage": 0.095,
        "intra_list_diversity": 1.0,
        "n_entities_evaluated": 477,
        "k": 10
      }
    },
    {
      "fraction": 0.3,
      "n_train_interactions": 48600,
      "n_train_entities": 1500,
      "n_train_items": 200,
      "model_name": "item_item_knn",
      "fit_seconds": 0.012264249962754548,
      "recommend_p50_ms": 0.03922951873391867,
      "recommend_p95_ms": 0.10669134790077796,
      "metrics": {
        "precision_at_k": 0.06373165618448637,
        "recall_at_k": 0.18255950606579538,
        "ndcg_at_k": 0.12141629990494222,
        "mrr": 0.1546920235599481,
        "hit_rate": 0.42138364779874216,
        "coverage": 1.0,
        "intra_list_diversity": 1.0,
        "n_entities_evaluated": 477,
        "k": 10
      }
    },
    {
      "fraction": 0.3,
      "n_train_interactions": 48600,
      "n_train_entities": 1500,
      "n_train_items": 200,
      "model_name": "implicit_als",
      "fit_seconds": 0.15228029107674956,
      "recommend_p50_ms": 0.030416063964366913,
      "recommend_p95_ms": 0.07171389297582194,
      "metrics": {
        "precision_at_k": 0.04884696016771488,
        "recall_at_k": 0.14206834104632846,
        "ndcg_at_k": 0.10037246380030446,
        "mrr": 0.14959319157432363,
        "hit_rate": 0.389937106918239,
        "coverage": 1.0,
        "intra_list_diversity": 1.0,
        "n_entities_evaluated": 477,
        "k": 10
      }
    },
    {
      "fraction": 0.3,
      "n_train_interactions": 48600,
      "n_train_entities": 1500,
      "n_train_items": 200,
      "model_name": "kindling+ranker",
      "fit_seconds": 8.14668787503615,
      "recommend_p50_ms": 4.960021527949721,
      "recommend_p95_ms": 6.399827683344481,
      "metrics": {
        "precision_at_k": 0.05932914046121593,
        "recall_at_k": 0.17201465841402946,
        "ndcg_at_k": 0.11364478231711068,
        "mrr": 0.15218378756114606,
        "hit_rate": 0.429769392033543,
        "coverage": 1.0,
        "intra_list_diversity": 1.0,
        "n_entities_evaluated": 477,
        "k": 10
      }
    },
    {
      "fraction": 0.6,
      "n_train_interactions": 97200,
      "n_train_entities": 1500,
      "n_train_items": 200,
      "model_name": "kindling",
      "fit_seconds": 6.3775330419884995,
      "recommend_p50_ms": 8.514624962117523,
      "recommend_p95_ms": 9.473850071663037,
      "metrics": {
        "precision_at_k": 0.09559748427672955,
        "recall_at_k": 0.2829703228288134,
        "ndcg_at_k": 0.19018352122522225,
        "mrr": 0.23524425143922,
        "hit_rate": 0.5744234800838575,
        "coverage": 1.0,
        "intra_list_diversity": 1.0,
        "n_entities_evaluated": 477,
        "k": 10
      }
    },
    {
      "fraction": 0.6,
      "n_train_interactions": 97200,
      "n_train_entities": 1500,
      "n_train_items": 200,
      "model_name": "popularity",
      "fit_seconds": 0.03035337501205504,
      "recommend_p50_ms": 0.0011874944902956486,
      "recommend_p95_ms": 0.0017080456018447876,
      "metrics": {
        "precision_at_k": 0.03060796645702306,
        "recall_at_k": 0.06860013094289824,
        "ndcg_at_k": 0.04786260157189985,
        "mrr": 0.07937506239393032,
        "hit_rate": 0.2431865828092243,
        "coverage": 0.115,
        "intra_list_diversity": 1.0,
        "n_entities_evaluated": 477,
        "k": 10
      }
    },
    {
      "fraction": 0.6,
      "n_train_interactions": 97200,
      "n_train_entities": 1500,
      "n_train_items": 200,
      "model_name": "item_item_knn",
      "fit_seconds": 0.015986291924491525,
      "recommend_p50_ms": 0.04295795224606991,
      "recommend_p95_ms": 0.0588882365263998,
      "metrics": {
        "precision_at_k": 0.09350104821802933,
        "recall_at_k": 0.27736628908012556,
        "ndcg_at_k": 0.1881027510374851,
        "mrr": 0.2430310139429636,
        "hit_rate": 0.5786163522012578,
        "coverage": 1.0,
        "intra_list_diversity": 1.0,
        "n_entities_evaluated": 477,
        "k": 10
      }
    },
    {
      "fraction": 0.6,
      "n_train_interactions": 97200,
      "n_train_entities": 1500,
      "n_train_items": 200,
      "model_name": "implicit_als",
      "fit_seconds": 0.197207749937661,
      "recommend_p50_ms": 0.030583469197154045,
      "recommend_p95_ms": 0.0580059539061037,
      "metrics": {
        "precision_at_k": 0.07148846960167715,
        "recall_at_k": 0.21106767097333134,
        "ndcg_at_k": 0.13834118130126433,
        "mrr": 0.18142075138930483,
        "hit_rate": 0.4968553459119497,
        "coverage": 1.0,
        "intra_list_diversity": 1.0,
        "n_entities_evaluated": 477,
        "k": 10
      }
    },
    {
      "fraction": 0.6,
      "n_train_interactions": 97200,
      "n_train_entities": 1500,
      "n_train_items": 200,
      "model_name": "kindling+ranker",
      "fit_seconds": 14.352729749982245,
      "recommend_p50_ms": 10.703895997721702,
      "recommend_p95_ms": 13.226862187730148,
      "metrics": {
        "precision_at_k": 0.06960167714884696,
        "recall_at_k": 0.19232448776473932,
        "ndcg_at_k": 0.13752468962493375,
        "mrr": 0.18990383015540246,
        "hit_rate": 0.4947589098532495,
        "coverage": 1.0,
        "intra_list_diversity": 1.0,
        "n_entities_evaluated": 477,
        "k": 10
      }
    },
    {
      "fraction": 1.0,
      "n_train_interactions": 162000,
      "n_train_entities": 1500,
      "n_train_items": 200,
      "model_name": "kindling",
      "fit_seconds": 10.267036041012034,
      "recommend_p50_ms": 12.795436952728778,
      "recommend_p95_ms": 13.775349617935715,
      "metrics": {
        "precision_at_k": 0.1580712788259958,
        "recall_at_k": 0.4512338436080574,
        "ndcg_at_k": 0.31973209064949837,
        "mrr": 0.3513585238428006,
        "hit_rate": 0.7379454926624738,
        "coverage": 1.0,
        "intra_list_diversity": 1.0,
        "n_entities_evaluated": 477,
        "k": 10
      }
    },
    {
      "fraction": 1.0,
      "n_train_interactions": 162000,
      "n_train_entities": 1500,
      "n_train_items": 200,
      "model_name": "popularity",
      "fit_seconds": 0.03431770799215883,
      "recommend_p50_ms": 0.0012909295037388802,
      "recommend_p95_ms": 0.0018749851733446121,
      "metrics": {
        "precision_at_k": 0.03542976939203354,
        "recall_at_k": 0.08050161752991941,
        "ndcg_at_k": 0.059643598657639595,
        "mrr": 0.08609530464876376,
        "hit_rate": 0.24947589098532494,
        "coverage": 0.17,
        "intra_list_diversity": 1.0,
        "n_entities_evaluated": 477,