{
  "dataset": "movielens-1m",
  "k": 10,
  "n_eval_entities": 500,
  "kindling_version": "0.0.1.dev0",
  "results": [
    {
      "fraction": 0.3,
      "n_train_interactions": 155326,
      "n_train_entities": 1891,
      "n_train_items": 3088,
      "model_name": "kindling",
      "fit_seconds": 39.74091979209334,
      "recommend_p50_ms": 0.0075830030255019665,
      "recommend_p95_ms": 43.433841672958806,
      "metrics": {
        "precision_at_k": 0.11359999999999999,
        "recall_at_k": 0.03200515960212911,
        "ndcg_at_k": 0.11479861220774831,
        "mrr": 0.20272460317460317,
        "hit_rate": 0.482,
        "coverage": 0.01716321243523316,
        "intra_list_diversity": 1.0,
        "n_entities_evaluated": 500,
        "k": 10
      }
    },
    {
      "fraction": 0.3,
      "n_train_interactions": 155326,
      "n_train_entities": 1891,
      "n_train_items": 3088,
      "model_name": "popularity",
      "fit_seconds": 0.03451904107350856,
      "recommend_p50_ms": 0.000584055669605732,
      "recommend_p95_ms": 0.002332968870177865,
      "metrics": {
        "precision_at_k": 0.1134,
        "recall_at_k": 0.03321032681627329,
        "ndcg_at_k": 0.11557572493261148,
        "mrr": 0.20501825396825396,
        "hit_rate": 0.484,
        "coverage": 0.016515544041450777,
        "intra_list_diversity": 1.0,
        "n_entities_evaluated": 500,
        "k": 10
      }
    },
    {
      "fraction": 0.3,
      "n_train_interactions": 155326,
      "n_train_entities": 1891,
      "n_train_items": 3088,
      "model_name": "item_item_knn",
      "fit_seconds": 0.23662054107990116,
      "recommend_p50_ms": 0.00012497184798121452,
      "recommend_p95_ms": 0.10999344522133467,
      "metrics": {
        "precision_at_k": 0.0156,
        "recall_at_k": 0.004781344136759743,
        "ndcg_at_k": 0.016455614924183234,
        "mrr": 0.030624603174603172,
        "hit_rate": 0.058,
        "coverage": 0.03238341968911917,
        "intra_list_diversity": 0.114,
        "n_entities_evaluated": 500,
        "k": 10
      }
    },
    {
      "fraction": 0.3,
      "n_train_interactions": 155326,
      "n_train_entities": 1891,
      "n_train_items": 3088,
      "model_name": "implicit_als",
      "fit_seconds": 0.5978225410217419,
      "recommend_p50_ms": 8.405186235904694e-05,
      "recommend_p95_ms": 0.04450413980521261,
      "metrics": {
        "precision_at_k": 0.011399999999999999,
        "recall_at_k": 0.0026574554680645207,
        "ndcg_at_k": 0.011503282601542883,
        "mrr": 0.02068015873015873,
        "hit_rate": 0.052,
        "coverage": 0.08808290155440414,
        "intra_list_diversity": 0.114,
        "n_entities_evaluated": 500,
        "k": 10
      }
    },
    {
      "fraction": 1.0,
      "n_train_interactions": 517752,
      "n_train_entities": 5975,
      "n_train_items": 3489,
      "model_name": "kindling",
      "fit_seconds": 173.3538215829758,
      "recommend_p50_ms": 134.27277095615864,
      "recommend_p95_ms": 157.54283743444827,
      "metrics": {
        "precision_at_k": 0.17020000000000002,
        "recall_at_k": 0.046993097335808955,
        "ndcg_at_k": 0.18236001673377034,
        "mrr": 0.31798095238095236,
        "hit_rate": 0.596,
        "coverage": 0.024362281456004584,
        "intra_list_diversity": 1.0,
        "n_entities_evaluated": 500,
        "k": 10
      }
    },
    {
      "fraction": 1.0,
      "n_train_interactions": 517752,
      "n_train_entities": 5975,
      "n_train_items": 3489,
      "model_name": "popularity",
      "fit_seconds": 0.1072417909745127,
      "recommend_p50_ms": 0.0018335413187742233,
      "recommend_p95_ms": 0.005754188168793913,
      "metrics": {
        "precision_at_k": 0.159,
        "recall_at_k": 0.04303178062353618,
        "ndcg_at_k": 0.17199256264732823,
        "mrr": 0.31004999999999994,
        "hit_rate": 0.57,
        "coverage": 0.02292920607623961,
        "intra_list_diversity": 1.0,
        "n_entities_evaluated": 500,
        "k": 10
      }
    },
    {
      "fraction": 1.0,
      "n_train_interactions": 517752,
      "n_train_entities": 5975,
      "n_train_items": 3489,
      "model_name": "item_item_knn",
      "fit_seconds": 0.40959675004705787,
      "recommend_p50_ms": 0.09554153075441718,
      "recommend_p95_ms": 0.18588921520858998,
      "metrics": {
        "precision_at_k": 0.18139999999999998,
        "recall_at_k": 0.05148893610184959,
        "ndcg_at_k": 0.19581385319641606,
        "mrr": 0.33709920634920637,
        "hit_rate": 0.6,
        "coverage": 0.04872456291200917,
        "intra_list_diversity": 1.0,
        "n_entities_evaluated": 500,
        "k": 10
      }
    },
    {
      "fraction": 1.0,
      "n_train_interactions": 517752,
      "n_train_entities": 5975,
      "n_train_items": 3489,
      "model_name": "implicit_als",
      "fit_seconds": 1.3564949999563396,
      "recommend_p50_ms": 0.03762502456083894,
      "recommend_p95_ms": 0.04270800855010748,
      "metrics": {
        "precision_at_k": 0.1406,
        "recall_at_k": 0.0514699634925619,
        "ndcg_at_k": 0.1544828357699019,
        "mrr": 0.2828111111111111,
        "hit_rate": 0.574,
        "coverage": 0.16050444253367727,
        "intra_list_diversity": 1.0,
        "n_entities_evaluated": 500,
        "k": 10
      }
    }
  ]
}
