{
  "dataset": "movielens-1m",
  "k": 10,
  "n_eval_entities": 500,
  "kindling_version": "0.0.1.dev0",
  "results": [
    {
      "fraction": 0.1,
      "n_train_interactions": 51775,
      "n_train_entities": 612,
      "n_train_items": 2601,
      "model_name": "kindling",
      "fit_seconds": 17.10528949997388,
      "recommend_p50_ms": 0.007333001121878624,
      "recommend_p95_ms": 0.0076660653576254845,
      "metrics": {
        "precision_at_k": 0.1088,
        "recall_at_k": 0.03258481408213933,
        "ndcg_at_k": 0.11557087193657212,
        "mrr": 0.21479920634920635,
        "hit_rate": 0.472,
        "coverage": 0.0038446751249519417,
        "intra_list_diversity": 1.0,
        "n_entities_evaluated": 500,
        "k": 10
      }
    },
    {
      "fraction": 0.1,
      "n_train_interactions": 51775,
      "n_train_entities": 612,
      "n_train_items": 2601,
      "model_name": "popularity",
      "fit_seconds": 0.010023250011727214,
      "recommend_p50_ms": 0.0005409820005297661,
      "recommend_p95_ms": 0.0006660120561718941,
      "metrics": {
        "precision_at_k": 0.1088,
        "recall_at_k": 0.03258481408213933,
        "ndcg_at_k": 0.11557087193657212,
        "mrr": 0.21479920634920635,
        "hit_rate": 0.472,
        "coverage": 0.0038446751249519417,
        "intra_list_diversity": 1.0,
        "n_entities_evaluated": 500,
        "k": 10
      }
    },
    {
      "fraction": 0.1,
      "n_train_interactions": 51775,
      "n_train_entities": 612,
      "n_train_items": 2601,
      "model_name": "item_item_knn",
      "fit_seconds": 0.14162758400198072,
      "recommend_p50_ms": 8.300412446260452e-05,
      "recommend_p95_ms": 0.00016705598682165146,
      "metrics": {
        "precision_at_k": 0.0,
        "recall_at_k": 0.0,
        "ndcg_at_k": 0.0,
        "mrr": 0.0,
        "hit_rate": 0.0,
        "coverage": 0.0,
        "intra_list_diversity": 0.0,
        "n_entities_evaluated": 500,
        "k": 10
      }
    },
    {
      "fraction": 0.1,
      "n_train_interactions": 51775,
      "n_train_entities": 612,
      "n_train_items": 2601,
      "model_name": "implicit_als",
      "fit_seconds": 0.24879308394156396,
      "recommend_p50_ms": 8.300412446260452e-05,
      "recommend_p95_ms": 0.00016694539226591587,
      "metrics": {
        "precision_at_k": 0.0,
        "recall_at_k": 0.0,
        "ndcg_at_k": 0.0,
        "mrr": 0.0,
        "hit_rate": 0.0,
        "coverage": 0.0,
        "intra_list_diversity": 0.0,
        "n_entities_evaluated": 500,
        "k": 10
      }
    },
    {
      "fraction": 0.3,
      "n_train_interactions": 155326,
      "n_train_entities": 1891,
      "n_train_items": 3088,
      "model_name": "kindling",
      "fit_seconds": 35.07866416696925,
      "recommend_p50_ms": 0.007500057108700275,
      "recommend_p95_ms": 40.12645835173314,
      "metrics": {
        "precision_at_k": 0.11359999999999999,
        "recall_at_k": 0.03200515960212911,
        "ndcg_at_k": 0.11479074680742311,
        "mrr": 0.20272460317460317,
        "hit_rate": 0.482,
        "coverage": 0.01716321243523316,
        "intra_list_diversity": 1.0,
        "n_entities_evaluated": 500,
        "k": 10
      }
    },
    {
      "fraction": 0.3,
      "n_train_interactions": 155326,
      "n_train_entities": 1891,
      "n_train_items": 3088,
      "model_name": "popularity",
      "fit_seconds": 0.029321791953407228,
      "recommend_p50_ms": 0.0005624606274068356,
      "recommend_p95_ms": 0.0018770864699035863,
      "metrics": {
        "precision_at_k": 0.1134,
        "recall_at_k": 0.03321032681627329,
        "ndcg_at_k": 0.11557572493261148,
        "mrr": 0.20501825396825396,
        "hit_rate": 0.484,
        "coverage": 0.016515544041450777,
        "intra_list_diversity": 1.0,
        "n_entities_evaluated": 500,
        "k": 10
      }
    },
    {
      "fraction": 0.3,
      "n_train_interactions": 155326,
      "n_train_entities": 1891,
      "n_train_items": 3088,
      "model_name": "item_item_knn",
      "fit_seconds": 0.2135240000206977,
      "recommend_p50_ms": 8.405186235904694e-05,
      "recommend_p95_ms": 0.09792288765311226,
      "metrics": {
        "precision_at_k": 0.0156,
        "recall_at_k": 0.004781344136759743,
        "ndcg_at_k": 0.016455614924183234,
        "mrr": 0.030624603174603172,
        "hit_rate": 0.058,
        "coverage": 0.03238341968911917,
        "intra_list_diversity": 0.114,
        "n_entities_evaluated": 500,
        "k": 10
      }
    },
    {
      "fraction": 0.3,
      "n_train_interactions": 155326,
      "n_train_entities": 1891,
      "n_train_items": 3088,
      "model_name": "implicit_als",
      "fit_seconds": 0.5203168339794502,
      "recommend_p50_ms": 8.405186235904694e-05,
      "recommend_p95_ms": 0.0377541990019381,
      "metrics": {
        "precision_at_k": 0.011399999999999999,
        "recall_at_k": 0.0026574554680645207,
        "ndcg_at_k": 0.011503282601542883,
        "mrr": 0.02068015873015873,
        "hit_rate": 0.052,
        "coverage": 0.08808290155440414,
        "intra_list_diversity": 0.114,
        "n_entities_evaluated": 500,
        "k": 10
      }
    },
    {
      "fraction": 0.6,
      "n_train_interactions": 310651,
      "n_train_entities": 3516,
      "n_train_items": 3376,
      "model_name": "kindling",
      "fit_seconds": 74.94681995897554,
      "recommend_p50_ms": 0.0076249707490205765,
      "recommend_p95_ms": 87.23215656355023,
      "metrics": {
        "precision_at_k": 0.1288,
        "recall_at_k": 0.03596738107553186,
        "ndcg_at_k": 0.13346174524623827,
        "mrr": 0.23656190476190478,
        "hit_rate": 0.516,
        "coverage": 0.023400473933649288,
        "intra_list_diversity": 1.0,
        "n_entities_evaluated": 500,
        "k": 10
      }
    },
    {
      "fraction": 0.6,
      "n_train_interactions": 310651,
      "n_train_entities": 3516,
      "n_train_items": 3376,
      "model_name": "popularity",
      "fit_seconds": 0.058326708036474884,
      "recommend_p50_ms": 0.0007080379873514175,
      "recommend_p95_ms": 0.003999919863417745,
      "metrics": {
        "precision_at_k": 0.1256,
        "recall_at_k": 0.03637660913392131,
        "ndcg_at_k": 0.13259175094149442,
        "mrr": 0.24396428571428574,
        "hit_rate": 0.516,
        "coverage": 0.02132701421800948,
        "intra_list_diversity": 1.0,
        "n_entities_evaluated": 500,
        "k": 10
      }
    },
    {
      "fraction": 0.6,
      "n_train_interactions": 310651,
      "n_train_entities": 3516,
      "n_train_items": 3376,
      "model_name": "item_item_knn",
      "fit_seconds": 0.3052653749473393,
      "recommend_p50_ms": 0.000125030055642128,
      "recommend_p95_ms": 0.14891869504936037,
      "metrics": {
        "precision_at_k": 0.065,
        "recall_at_k": 0.022771103452556136,
        "ndcg_at_k": 0.07121623146692732,
        "mrr": 0.13309206349206348,
        "hit_rate": 0.242,
        "coverage": 0.037322274881516584,
        "intra_list_diversity": 0.42,
        "n_entities_evaluated": 500,
        "k": 10
      }
    },
    {
      "fraction": 0.6,
      "n_train_interactions": 310651,
      "n_train_entities": 3516,
      "n_train_items": 3376,
      "model_name": "implicit_als",
      "fit_seconds": 0.8849462498910725,
      "recommend_p50_ms": 0.000125030055642128,
      "recommend_p95_ms": 0.04062914522364735,
      "metrics": {
        "precision_at_k": 0.048600000000000004,
        "recall_at_k": 0.01775561039235466,
        "ndcg_at_k": 0.05404167053713574,
        "mrr": 0.10934761904761905,
        "hit_rate": 0.22,
        "coverage": 0.1365521327014218,
        "intra_list_diversity": 0.42,
        "n_entities_evaluated": 500,
        "k": 10
      }
    },
    {
      "fraction": 1.0,
      "n_train_interactions": 517752,
      "n_train_entities": 5975,
      "n_train_items": 3489,
      "model_name": "kindling",