{
  "dataset": "synthetic-grocery-deep",
  "k": 10,
  "n_eval_entities": 500,
  "kindling_version": "0.0.1.dev0",
  "results": [
    {
      "fraction": 0.1,
      "n_train_interactions": 16200,
      "n_train_entities": 1500,
      "n_train_items": 200,
      "model_name": "kindling",
      "fit_seconds": 1.8370543329510838,
      "recommend_p50_ms": 1.0096454061567783,
      "recommend_p95_ms": 1.2257996888365594,
      "metrics": {
        "precision_at_k": 0.041299790356394125,
        "recall_at_k": 0.1116198238053584,
        "ndcg_at_k": 0.0747991036997348,
        "mrr": 0.1009958071278826,
        "hit_rate": 0.3081761006289308,
        "coverage": 1.0,
        "intra_list_diversity": 1.0,
        "n_entities_evaluated": 477,
        "k": 10
      }
    },
    {
      "fraction": 0.1,
      "n_train_interactions": 16200,
      "n_train_entities": 1500,
      "n_train_items": 200,
      "model_name": "popularity",
      "fit_seconds": 0.022309166961349547,
      "recommend_p50_ms": 0.0006660120561718941,
      "recommend_p95_ms": 0.0010420335456728935,
      "metrics": {
        "precision_at_k": 0.025995807127882603,
        "recall_at_k": 0.057085024223389,
        "ndcg_at_k": 0.04086793021021105,
        "mrr": 0.06879804332634522,
        "hit_rate": 0.22431865828092243,
        "coverage": 0.075,
        "intra_list_diversity": 1.0,
        "n_entities_evaluated": 477,
        "k": 10
      }
    },
    {
      "fraction": 0.1,
      "n_train_interactions": 16200,
      "n_train_entities": 1500,
      "n_train_items": 200,
      "model_name": "item_item_knn",
      "fit_seconds": 0.0073188750538975,
      "recommend_p50_ms": 0.03341701813042164,
      "recommend_p95_ms": 0.036506180185824626,
      "metrics": {
        "precision_at_k": 0.04360587002096436,
        "recall_at_k": 0.11966278829486376,
        "ndcg_at_k": 0.07838373607346853,
        "mrr": 0.10033609530464876,
        "hit_rate": 0.3060796645702306,
        "coverage": 1.0,
        "intra_list_diversity": 1.0,
        "n_entities_evaluated": 477,
        "k": 10
      }
    },
    {
      "fraction": 0.1,
      "n_train_interactions": 16200,
      "n_train_entities": 1500,
      "n_train_items": 200,
      "model_name": "implicit_als",
      "fit_seconds": 0.1155919999582693,
      "recommend_p50_ms": 0.029125018045306206,
      "recommend_p95_ms": 0.03354409127496183,
      "metrics": {
        "precision_at_k": 0.04067085953878406,
        "recall_at_k": 0.11109348955260905,
        "ndcg_at_k": 0.07299288521498583,
        "mrr": 0.10158064623473427,
        "hit_rate": 0.32914046121593293,
        "coverage": 1.0,
        "intra_list_diversity": 1.0,
        "n_entities_evaluated": 477,
        "k": 10
      }
    },
    {
      "fraction": 0.3,
      "n_train_interactions": 48600,
      "n_train_entities": 1500,
      "n_train_items": 200,
      "model_name": "kindling",
      "fit_seconds": 2.2930453749140725,
      "recommend_p50_ms": 3.1828750506974757,
      "recommend_p95_ms": 4.184245137730613,
      "metrics": {
        "precision_at_k": 0.06750524109014676,
        "recall_at_k": 0.18946765731356927,
        "ndcg_at_k": 0.12824392373509313,
        "mrr": 0.1693878739476224,
        "hit_rate": 0.45073375262054505,
        "coverage": 1.0,
        "intra_list_diversity": 1.0,
        "n_entities_evaluated": 477,
        "k": 10
      }
    },
    {
      "fraction": 0.3,
      "n_train_interactions": 48600,
      "n_train_entities": 1500,
      "n_train_items": 200,
      "model_name": "popularity",
      "fit_seconds": 0.023859624983742833,
      "recommend_p50_ms": 0.00100000761449337,
      "recommend_p95_ms": 0.0015851168427616338,
      "metrics": {
        "precision_at_k": 0.025995807127882596,
        "recall_at_k": 0.05131421397144667,
        "ndcg_at_k": 0.0387441190790308,
        "mrr": 0.06526654687032045,
        "hit_rate": 0.21174004192872117,
        "coverage": 0.095,
        "intra_list_diversity": 1.0,
        "n_entities_evaluated": 477,
        "k": 10
      }
    },
    {
      "fraction": 0.3,
      "n_train_interactions": 48600,
      "n_train_entities": 1500,
      "n_train_items": 200,
      "model_name": "item_item_knn",
      "fit_seconds": 0.010404083062894642,
      "recommend_p50_ms": 0.03791600465774536,
      "recommend_p95_ms": 0.041921227239072316,
      "metrics": {
        "precision_at_k": 0.06373165618448637,
        "recall_at_k": 0.18255950606579538,
        "ndcg_at_k": 0.12141629990494222,
        "mrr": 0.1546920235599481,
        "hit_rate": 0.42138364779874216,
        "coverage": 1.0,
        "intra_list_diversity": 1.0,
        "n_entities_evaluated": 477,
        "k": 10
      }
    },
    {
      "fraction": 0.3,
      "n_train_interactions": 48600,
      "n_train_entities": 1500,
      "n_train_items": 200,
      "model_name": "implicit_als",
      "fit_seconds": 0.1717702909372747,
      "recommend_p50_ms": 0.02883351407945156,
      "recommend_p95_ms": 0.03181283245794473,
      "metrics": {
        "precision_at_k": 0.04884696016771488,
        "recall_at_k": 0.14206834104632846,
        "ndcg_at_k": 0.10037246380030446,
        "mrr": 0.14959319157432363,
        "hit_rate": 0.389937106918239,
        "coverage": 1.0,
        "intra_list_diversity": 1.0,
        "n_entities_evaluated": 477,
        "k": 10
      }
    },
    {
      "fraction": 0.6,
      "n_train_interactions": 97200,
      "n_train_entities": 1500,
      "n_train_items": 200,
      "model_name": "kindling",
      "fit_seconds": 5.230649875011295,
      "recommend_p50_ms": 7.101729454007,
      "recommend_p95_ms": 7.579260744387284,
      "metrics": {
        "precision_at_k": 0.09559748427672955,
        "recall_at_k": 0.2829703228288134,
        "ndcg_at_k": 0.19018352122522225,
        "mrr": 0.23524425143922,
        "hit_rate": 0.5744234800838575,
        "coverage": 1.0,
        "intra_list_diversity": 1.0,
        "n_entities_evaluated": 477,
        "k": 10
      }
    },
    {
      "fraction": 0.6,
      "n_train_interactions": 97200,
      "n_train_entities": 1500,
      "n_train_items": 200,
      "model_name": "popularity",
      "fit_seconds": 0.027813749969936907,
      "recommend_p50_ms": 0.00100000761449337,
      "recommend_p95_ms": 0.001374981366097927,
      "metrics": {
        "precision_at_k": 0.03060796645702306,
        "recall_at_k": 0.06860013094289824,
        "ndcg_at_k": 0.04786260157189985,
        "mrr": 0.07937506239393032,
        "hit_rate": 0.2431865828092243,
        "coverage": 0.115,
        "intra_list_diversity": 1.0,
        "n_entities_evaluated": 477,
        "k": 10
      }
    },
    {
      "fraction": 0.6,
      "n_train_interactions": 97200,
      "n_train_entities": 1500,
      "n_train_items": 200,
      "model_name": "item_item_knn",
      "fit_seconds": 0.015429541002959013,
      "recommend_p50_ms": 0.04250003257766366,
      "recommend_p95_ms": 0.046302372356876724,
      "metrics": {
        "precision_at_k": 0.09350104821802933,
        "recall_at_k": 0.27736628908012556,
        "ndcg_at_k": 0.1881027510374851,
        "mrr": 0.2430310139429636,
        "hit_rate": 0.5786163522012578,
        "coverage": 1.0,
        "intra_list_diversity": 1.0,
        "n_entities_evaluated": 477,
        "k": 10
      }
    },
    {
      "fraction": 0.6,
      "n_train_interactions": 97200,
      "n_train_entities": 1500,
      "n_train_items": 200,
      "model_name": "implicit_als",
      "fit_seconds": 0.21147545799613,
      "recommend_p50_ms": 0.028667040169239044,
      "recommend_p95_ms": 0.03200001083314419,
      "metrics": {
        "precision_at_k": 0.07148846960167715,
        "recall_at_k": 0.21106767097333134,
        "ndcg_at_k": 0.13834118130126433,
        "mrr": 0.18142075138930483,
        "hit_rate": 0.4968553459119497,
        "coverage": 1.0,
        "intra_list_diversity": 1.0,
        "n_entities_evaluated": 477,