{
  "dataset": "synthetic-grocery-deep",
  "k": 10,
  "n_eval_entities": 500,
  "kindling_version": "0.0.1.dev0",
  "results": [
    {
      "fraction": 0.3,
      "n_train_interactions": 48600,
      "n_train_entities": 1500,
      "n_train_items": 200,
      "model_name": "kindling",
      "fit_seconds": 2.7567612919956446,
      "recommend_p50_ms": 3.7043754709884524,
      "recommend_p95_ms": 4.898855648934841,
      "metrics": {
        "precision_at_k": 0.06750524109014676,
        "recall_at_k": 0.18946765731356927,
        "ndcg_at_k": 0.12824392373509313,
        "mrr": 0.1693878739476224,
        "hit_rate": 0.45073375262054505,
        "coverage": 1.0,
        "intra_list_diversity": 1.0,
        "n_entities_evaluated": 477,
        "k": 10
      }
    },
    {
      "fraction": 0.3,
      "n_train_interactions": 48600,
      "n_train_entities": 1500,
      "n_train_items": 200,
      "model_name": "popularity",
      "fit_seconds": 0.02646204095799476,
      "recommend_p50_ms": 0.0009579816833138466,
      "recommend_p95_ms": 0.0013331184163689613,
      "metrics": {
        "precision_at_k": 0.025995807127882596,
        "recall_at_k": 0.05131421397144667,
        "ndcg_at_k": 0.0387441190790308,
        "mrr": 0.06526654687032045,
        "hit_rate": 0.21174004192872117,
        "coverage": 0.095,
        "intra_list_diversity": 1.0,
        "n_entities_evaluated": 477,
        "k": 10
      }
    },
    {
      "fraction": 0.3,
      "n_train_interactions": 48600,
      "n_train_entities": 1500,
      "n_train_items": 200,
      "model_name": "item_item_knn",
      "fit_seconds": 0.011481749941594899,
      "recommend_p50_ms": 0.03845803439617157,
      "recommend_p95_ms": 0.045923196012154215,
      "metrics": {
        "precision_at_k": 0.06373165618448637,
        "recall_at_k": 0.18255950606579538,
        "ndcg_at_k": 0.12141629990494222,
        "mrr": 0.1546920235599481,
        "hit_rate": 0.42138364779874216,
        "coverage": 1.0,
        "intra_list_diversity": 1.0,
        "n_entities_evaluated": 477,
        "k": 10
      }
    },
    {
      "fraction": 0.3,
      "n_train_interactions": 48600,
      "n_train_entities": 1500,
      "n_train_items": 200,
      "model_name": "implicit_als",
      "fit_seconds": 0.1432827920652926,
      "recommend_p50_ms": 0.029916991479694843,
      "recommend_p95_ms": 0.03533607814460993,
      "metrics": {
        "precision_at_k": 0.04884696016771488,
        "recall_at_k": 0.14206834104632846,
        "ndcg_at_k": 0.10037246380030446,
        "mrr": 0.14959319157432363,
        "hit_rate": 0.389937106918239,
        "coverage": 1.0,
        "intra_list_diversity": 1.0,
        "n_entities_evaluated": 477,
        "k": 10
      }
    },
    {
      "fraction": 0.3,
      "n_train_interactions": 48600,
      "n_train_entities": 1500,
      "n_train_items": 200,
      "model_name": "kindling+persona",
      "fit_seconds": 3.2091452500317246,
      "recommend_p50_ms": 4.04262455413118,
      "recommend_p95_ms": 5.232134769903496,
      "metrics": {
        "precision_at_k": 0.06750524109014676,
        "recall_at_k": 0.18946765731356927,
        "ndcg_at_k": 0.12824392373509313,
        "mrr": 0.1693878739476224,
        "hit_rate": 0.45073375262054505,
        "coverage": 1.0,
        "intra_list_diversity": 1.0,
        "n_entities_evaluated": 477,
        "k": 10
      }
    },
    {
      "fraction": 0.6,
      "n_train_interactions": 97200,
      "n_train_entities": 1500,
      "n_train_items": 200,
      "model_name": "kindling",
      "fit_seconds": 6.076060042018071,
      "recommend_p50_ms": 8.194166992325336,
      "recommend_p95_ms": 9.109382703900335,
      "metrics": {
        "precision_at_k": 0.09559748427672955,
        "recall_at_k": 0.2829703228288134,
        "ndcg_at_k": 0.19018352122522225,
        "mrr": 0.23524425143922,
        "hit_rate": 0.5744234800838575,
        "coverage": 1.0,
        "intra_list_diversity": 1.0,
        "n_entities_evaluated": 477,
        "k": 10
      }
    },
    {
      "fraction": 0.6,
      "n_train_interactions": 97200,
      "n_train_entities": 1500,
      "n_train_items": 200,
      "model_name": "popularity",
      "fit_seconds": 0.029173915972933173,
      "recommend_p50_ms": 0.001125037670135498,
      "recommend_p95_ms": 0.0015420373529195786,
      "metrics": {
        "precision_at_k": 0.03060796645702306,
        "recall_at_k": 0.06860013094289824,
        "ndcg_at_k": 0.04786260157189985,
        "mrr": 0.07937506239393032,
        "hit_rate": 0.2431865828092243,
        "coverage": 0.115,
        "intra_list_diversity": 1.0,
        "n_entities_evaluated": 477,
        "k": 10
      }
    },
    {
      "fraction": 0.6,
      "n_train_interactions": 97200,
      "n_train_entities": 1500,
      "n_train_items": 200,
      "model_name": "item_item_knn",
      "fit_seconds": 0.01636241690721363,
      "recommend_p50_ms": 0.04170800093561411,
      "recommend_p95_ms": 0.05362050142139193,
      "metrics": {
        "precision_at_k": 0.09350104821802933,
        "recall_at_k": 0.27736628908012556,
        "ndcg_at_k": 0.1881027510374851,
        "mrr": 0.2430310139429636,
        "hit_rate": 0.5786163522012578,
        "coverage": 1.0,
        "intra_list_diversity": 1.0,
        "n_entities_evaluated": 477,
        "k": 10
      }
    },
    {
      "fraction": 0.6,
      "n_train_interactions": 97200,
      "n_train_entities": 1500,
      "n_train_items": 200,
      "model_name": "implicit_als",
      "fit_seconds": 0.18946341599803418,
      "recommend_p50_ms": 0.030145514756441116,
      "recommend_p95_ms": 0.037510338006541126,
      "metrics": {
        "precision_at_k": 0.07148846960167715,
        "recall_at_k": 0.21106767097333134,
        "ndcg_at_k": 0.13834118130126433,
        "mrr": 0.18142075138930483,
        "hit_rate": 0.4968553459119497,
        "coverage": 1.0,
        "intra_list_diversity": 1.0,
        "n_entities_evaluated": 477,
        "k": 10
      }
    },
    {
      "fraction": 0.6,
      "n_train_interactions": 97200,
      "n_train_entities": 1500,
      "n_train_items": 200,
      "model_name": "kindling+persona",
      "fit_seconds": 6.3776358750183135,
      "recommend_p50_ms": 8.482979028485715,
      "recommend_p95_ms": 9.41939030890353,
      "metrics": {
        "precision_at_k": 0.09559748427672955,
        "recall_at_k": 0.2829703228288134,
        "ndcg_at_k": 0.19019670252720378,
        "mrr": 0.23524425143922,
        "hit_rate": 0.5744234800838575,
        "coverage": 1.0,
        "intra_list_diversity": 1.0,
        "n_entities_evaluated": 477,
        "k": 10
      }
    },
    {
      "fraction": 1.0,
      "n_train_interactions": 162000,
      "n_train_entities": 1500,
      "n_train_items": 200,
      "model_name": "kindling",
      "fit_seconds": 9.6389011250576,
      "recommend_p50_ms": 12.071520963218063,
      "recommend_p95_ms": 13.167983590392396,
      "metrics": {
        "precision_at_k": 0.1580712788259958,
        "recall_at_k": 0.4512338436080574,
        "ndcg_at_k": 0.31973209064949837,
        "mrr": 0.3513585238428006,
        "hit_rate": 0.7379454926624738,
        "coverage": 1.0,
        "intra_list_diversity": 1.0,
        "n_entities_evaluated": 477,
        "k": 10
      }
    },
    {
      "fraction": 1.0,
      "n_train_interactions": 162000,
      "n_train_entities": 1500,
      "n_train_items": 200,
      "model_name": "popularity",
      "fit_seconds": 0.03213891701307148,
      "recommend_p50_ms": 0.0011249212548136711,
      "recommend_p95_ms": 0.001708976924419403,
      "metrics": {
        "precision_at_k": 0.03542976939203354,
        "recall_at_k": 0.08050161752991941,
        "ndcg_at_k": 0.059643598657639595,
        "mrr": 0.08609530464876376,
        "hit_rate": 0.24947589098532494,
        "coverage": 0.17,
        "intra_list_diversity": 1.0,
        "n_entities_evaluated": 477,