{
  "dataset": "movielens-1m",
  "k": 10,
  "n_eval_entities": 500,
  "kindling_version": "0.0.1.dev0",
  "results": [
    {
      "fraction": 0.1,
      "n_train_interactions": 51775,
      "n_train_entities": 612,
      "n_train_items": 2601,
      "model_name": "kindling",
      "fit_seconds": 27.665194791043177,
      "recommend_p50_ms": 0.0077500008046627045,
      "recommend_p95_ms": 0.008207978680729866,
      "metrics": {
        "precision_at_k": 0.1088,
        "recall_at_k": 0.03258481408213933,
        "ndcg_at_k": 0.11557087193657212,
        "mrr": 0.21479920634920635,
        "hit_rate": 0.472,
        "coverage": 0.0038446751249519417,
        "intra_list_diversity": 1.0,
        "n_entities_evaluated": 500,
        "k": 10
      }
    },
    {
      "fraction": 0.1,
      "n_train_interactions": 51775,
      "n_train_entities": 612,
      "n_train_items": 2601,
      "model_name": "popularity",
      "fit_seconds": 0.01249704195652157,
      "recommend_p50_ms": 0.0005830079317092896,
      "recommend_p95_ms": 0.0007080845534801483,
      "metrics": {
        "precision_at_k": 0.1088,
        "recall_at_k": 0.03258481408213933,
        "ndcg_at_k": 0.11557087193657212,
        "mrr": 0.21479920634920635,
        "hit_rate": 0.472,
        "coverage": 0.0038446751249519417,
        "intra_list_diversity": 1.0,
        "n_entities_evaluated": 500,
        "k": 10
      }
    },
    {
      "fraction": 0.1,
      "n_train_interactions": 51775,
      "n_train_entities": 612,
      "n_train_items": 2601,
      "model_name": "item_item_knn",
      "fit_seconds": 0.15722850000020117,
      "recommend_p50_ms": 8.300412446260452e-05,
      "recommend_p95_ms": 0.00016600824892520905,
      "metrics": {
        "precision_at_k": 0.0,
        "recall_at_k": 0.0,
        "ndcg_at_k": 0.0,
        "mrr": 0.0,
        "hit_rate": 0.0,
        "coverage": 0.0,
        "intra_list_diversity": 0.0,
        "n_entities_evaluated": 500,
        "k": 10
      }
    },
    {
      "fraction": 0.1,
      "n_train_interactions": 51775,
      "n_train_entities": 612,
      "n_train_items": 2601,
      "model_name": "implicit_als",
      "fit_seconds": 0.24708541692234576,
      "recommend_p50_ms": 8.300412446260452e-05,
      "recommend_p95_ms": 0.00016693957149982452,
      "metrics": {
        "precision_at_k": 0.0,
        "recall_at_k": 0.0,
        "ndcg_at_k": 0.0,
        "mrr": 0.0,
        "hit_rate": 0.0,
        "coverage": 0.0,
        "intra_list_diversity": 0.0,
        "n_entities_evaluated": 500,
        "k": 10
      }
    },
    {
      "fraction": 0.3,
      "n_train_interactions": 155326,
      "n_train_entities": 1891,
      "n_train_items": 3088,
      "model_name": "kindling",
      "fit_seconds": 111.70911558403168,
      "recommend_p50_ms": 0.007875030860304832,
      "recommend_p95_ms": 44.57557710120452,
      "metrics": {
        "precision_at_k": 0.1102,
        "recall_at_k": 0.031085890326493244,
        "ndcg_at_k": 0.11034488359788219,
        "mrr": 0.19624365079365078,
        "hit_rate": 0.484,
        "coverage": 0.11042746113989638,
        "intra_list_diversity": 1.0,
        "n_entities_evaluated": 500,
        "k": 10
      }
    },
    {
      "fraction": 0.3,
      "n_train_interactions": 155326,
      "n_train_entities": 1891,
      "n_train_items": 3088,
      "model_name": "popularity",
      "fit_seconds": 0.03356004203669727,
      "recommend_p50_ms": 0.0005830079317092896,
      "recommend_p95_ms": 0.0019579892978072166,
      "metrics": {
        "precision_at_k": 0.1134,
        "recall_at_k": 0.03321032681627329,
        "ndcg_at_k": 0.11557572493261148,
        "mrr": 0.20501825396825396,
        "hit_rate": 0.484,
        "coverage": 0.016515544041450777,
        "intra_list_diversity": 1.0,
        "n_entities_evaluated": 500,
        "k": 10
      }
    },
    {
      "fraction": 0.3,
      "n_train_interactions": 155326,
      "n_train_entities": 1891,
      "n_train_items": 3088,
      "model_name": "item_item_knn",
      "fit_seconds": 0.2227314580231905,
      "recommend_p50_ms": 0.000125030055642128,
      "recommend_p95_ms": 0.1010809966828673,
      "metrics": {
        "precision_at_k": 0.0156,
        "recall_at_k": 0.004781344136759743,
        "ndcg_at_k": 0.016455614924183234,
        "mrr": 0.030624603174603172,
        "hit_rate": 0.058,
        "coverage": 0.03238341968911917,
        "intra_list_diversity": 0.114,
        "n_entities_evaluated": 500,
        "k": 10
      }
    },
    {
      "fraction": 0.3,
      "n_train_interactions": 155326,
      "n_train_entities": 1891,
      "n_train_items": 3088,
      "model_name": "implicit_als",
      "fit_seconds": 0.5018807080341503,
      "recommend_p50_ms": 8.393544703722e-05,
      "recommend_p95_ms": 0.037624972173944116,
      "metrics": {
        "precision_at_k": 0.011399999999999999,
        "recall_at_k": 0.0026574554680645207,
        "ndcg_at_k": 0.011503282601542883,
        "mrr": 0.02068015873015873,
        "hit_rate": 0.052,
        "coverage": 0.08808290155440414,
        "intra_list_diversity": 0.114,
        "n_entities_evaluated": 500,
        "k": 10
      }
    },
    {
      "fraction": 0.6,
      "n_train_interactions": 310651,
      "n_train_entities": 3516,
      "n_train_items": 3376,
      "model_name": "kindling",
      "fit_seconds": 235.72715062496718,
      "recommend_p50_ms": 0.00795791856944561,
      "recommend_p95_ms": 92.90631899493746,
      "metrics": {
        "precision_at_k": 0.1082,
        "recall_at_k": 0.03007354718726665,
        "ndcg_at_k": 0.1107735440143019,
        "mrr": 0.20045634920634922,
        "hit_rate": 0.47,
        "coverage": 0.17683649289099526,
        "intra_list_diversity": 1.0,
        "n_entities_evaluated": 500,
        "k": 10
      }
    },
    {
      "fraction": 0.6,
      "n_train_interactions": 310651,
      "n_train_entities": 3516,
      "n_train_items": 3376,
      "model_name": "popularity",
      "fit_seconds": 0.06538691592868418,
      "recommend_p50_ms": 0.0007080379873514175,
      "recommend_p95_ms": 0.003463088069111105,
      "metrics": {
        "precision_at_k": 0.1256,
        "recall_at_k": 0.03637660913392131,
        "ndcg_at_k": 0.13259175094149442,
        "mrr": 0.24396428571428574,
        "hit_rate": 0.516,
        "coverage": 0.02132701421800948,
        "intra_list_diversity": 1.0,
        "n_entities_evaluated": 500,
        "k": 10
      }
    },
    {
      "fraction": 0.6,
      "n_train_interactions": 310651,
      "n_train_entities": 3516,
      "n_train_items": 3376,
      "model_name": "item_item_knn",
      "fit_seconds": 0.31595625006593764,
      "recommend_p50_ms": 0.000125030055642128,
      "recommend_p95_ms": 0.1545482373330742,
      "metrics": {
        "precision_at_k": 0.065,
        "recall_at_k": 0.022771103452556136,
        "ndcg_at_k": 0.07121623146692732,
        "mrr": 0.13309206349206348,
        "hit_rate": 0.242,
        "coverage": 0.037322274881516584,
        "intra_list_diversity": 0.42,
        "n_entities_evaluated": 500,
        "k": 10
      }
    },
    {
      "fraction": 0.6,
      "n_train_interactions": 310651,
      "n_train_entities": 3516,
      "n_train_items": 3376,
      "model_name": "implicit_als",
      "fit_seconds": 0.8752370410365984,
      "recommend_p50_ms": 0.00016693957149982452,
      "recommend_p95_ms": 0.041090213926509016,
      "metrics": {
        "precision_at_k": 0.048600000000000004,
        "recall_at_k": 0.01775561039235466,
        "ndcg_at_k": 0.05404167053713574,
        "mrr": 0.10934761904761905,
        "hit_rate": 0.22,
        "coverage": 0.1365521327014218,
        "intra_list_diversity": 0.42,
        "n_entities_evaluated": 500,
        "k": 10
      }
    },
    {
      "fraction": 1.0,
      "n_train_interactions": 517752,
      "n_train_entities": 5975,
      "n_train_items": 3489,
      "model_name": "kindling",
      "fit_seconds": 418.9764705830021,