{
  "dataset": "synthetic-grocery-deep",
  "k": 10,
  "n_eval_entities": 500,
  "kindling_version": "0.0.1.dev0",
  "results": [
    {
      "fraction": 0.3,
      "n_train_interactions": 48600,
      "n_train_entities": 1500,
      "n_train_items": 200,
      "model_name": "kindling",
      "fit_seconds": 2.569804499973543,
      "recommend_p50_ms": 3.6029164912179112,
      "recommend_p95_ms": 4.652376810554415,
      "metrics": {
        "precision_at_k": 0.06750524109014676,
        "recall_at_k": 0.18946765731356927,
        "ndcg_at_k": 0.12824392373509313,
        "mrr": 0.1693878739476224,
        "hit_rate": 0.45073375262054505,
        "coverage": 1.0,
        "intra_list_diversity": 1.0,
        "n_entities_evaluated": 477,
        "k": 10
      }
    },
    {
      "fraction": 0.3,
      "n_train_interactions": 48600,
      "n_train_entities": 1500,
      "n_train_items": 200,
      "model_name": "popularity",
      "fit_seconds": 0.02592233393806964,
      "recommend_p50_ms": 0.0008749775588512421,
      "recommend_p95_ms": 0.0012080941814929247,
      "metrics": {
        "precision_at_k": 0.025995807127882596,
        "recall_at_k": 0.05131421397144667,
        "ndcg_at_k": 0.0387441190790308,
        "mrr": 0.06526654687032045,
        "hit_rate": 0.21174004192872117,
        "coverage": 0.095,
        "intra_list_diversity": 1.0,
        "n_entities_evaluated": 477,
        "k": 10
      }
    },
    {
      "fraction": 0.3,
      "n_train_interactions": 48600,
      "n_train_entities": 1500,
      "n_train_items": 200,
      "model_name": "item_item_knn",
      "fit_seconds": 0.010847791098058224,
      "recommend_p50_ms": 0.037020479794591665,
      "recommend_p95_ms": 0.05385888507589696,
      "metrics": {
        "precision_at_k": 0.06373165618448637,
        "recall_at_k": 0.18255950606579538,
        "ndcg_at_k": 0.12141629990494222,
        "mrr": 0.1546920235599481,
        "hit_rate": 0.42138364779874216,
        "coverage": 1.0,
        "intra_list_diversity": 1.0,
        "n_entities_evaluated": 477,
        "k": 10
      }
    },
    {
      "fraction": 0.3,
      "n_train_interactions": 48600,
      "n_train_entities": 1500,
      "n_train_items": 200,
      "model_name": "implicit_als",
      "fit_seconds": 0.15856758400332183,
      "recommend_p50_ms": 0.031208968721330166,
      "recommend_p95_ms": 0.043022667523473446,
      "metrics": {
        "precision_at_k": 0.04884696016771488,
        "recall_at_k": 0.14206834104632846,
        "ndcg_at_k": 0.10037246380030446,
        "mrr": 0.14959319157432363,
        "hit_rate": 0.389937106918239,
        "coverage": 1.0,
        "intra_list_diversity": 1.0,
        "n_entities_evaluated": 477,
        "k": 10
      }
    },
    {
      "fraction": 0.3,
      "n_train_interactions": 48600,
      "n_train_entities": 1500,
      "n_train_items": 200,
      "model_name": "kindling+ranker",
      "fit_seconds": 8.149377207970247,
      "recommend_p50_ms": 5.203250504564494,
      "recommend_p95_ms": 6.998587847920135,
      "metrics": {
        "precision_at_k": 0.06037735849056603,
        "recall_at_k": 0.17429162091111775,
        "ndcg_at_k": 0.11402898916099306,
        "mrr": 0.15172872782935679,
        "hit_rate": 0.4360587002096436,
        "coverage": 1.0,
        "intra_list_diversity": 1.0,
        "n_entities_evaluated": 477,
        "k": 10
      }
    },
    {
      "fraction": 0.6,
      "n_train_interactions": 97200,
      "n_train_entities": 1500,
      "n_train_items": 200,
      "model_name": "kindling",
      "fit_seconds": 6.356447166064754,
      "recommend_p50_ms": 8.459520933683962,
      "recommend_p95_ms": 9.284535434562713,
      "metrics": {
        "precision_at_k": 0.09559748427672955,
        "recall_at_k": 0.2829703228288134,
        "ndcg_at_k": 0.19018352122522225,
        "mrr": 0.23524425143922,
        "hit_rate": 0.5744234800838575,
        "coverage": 1.0,
        "intra_list_diversity": 1.0,
        "n_entities_evaluated": 477,
        "k": 10
      }
    },
    {
      "fraction": 0.6,
      "n_train_interactions": 97200,
      "n_train_entities": 1500,
      "n_train_items": 200,
      "model_name": "popularity",
      "fit_seconds": 0.03002941596787423,
      "recommend_p50_ms": 0.0012919772416353226,
      "recommend_p95_ms": 0.003207946429029107,
      "metrics": {
        "precision_at_k": 0.03060796645702306,
        "recall_at_k": 0.06860013094289824,
        "ndcg_at_k": 0.04786260157189985,
        "mrr": 0.07937506239393032,
        "hit_rate": 0.2431865828092243,
        "coverage": 0.115,
        "intra_list_diversity": 1.0,
        "n_entities_evaluated": 477,
        "k": 10
      }
    },
    {
      "fraction": 0.6,
      "n_train_interactions": 97200,
      "n_train_entities": 1500,
      "n_train_items": 200,
      "model_name": "item_item_knn",
      "fit_seconds": 0.015956499963067472,
      "recommend_p50_ms": 0.04299997817724943,
      "recommend_p95_ms": 0.08238751906901597,
      "metrics": {
        "precision_at_k": 0.09350104821802933,
        "recall_at_k": 0.27736628908012556,
        "ndcg_at_k": 0.1881027510374851,
        "mrr": 0.2430310139429636,
        "hit_rate": 0.5786163522012578,
        "coverage": 1.0,
        "intra_list_diversity": 1.0,
        "n_entities_evaluated": 477,
        "k": 10
      }
    },
    {
      "fraction": 0.6,
      "n_train_interactions": 97200,
      "n_train_entities": 1500,
      "n_train_items": 200,
      "model_name": "implicit_als",
      "fit_seconds": 0.19700000004377216,
      "recommend_p50_ms": 0.030832947231829166,
      "recommend_p95_ms": 0.0562401546631007,
      "metrics": {
        "precision_at_k": 0.07148846960167715,
        "recall_at_k": 0.21106767097333134,
        "ndcg_at_k": 0.13834118130126433,
        "mrr": 0.18142075138930483,
        "hit_rate": 0.4968553459119497,
        "coverage": 1.0,
        "intra_list_diversity": 1.0,
        "n_entities_evaluated": 477,
        "k": 10
      }
    },
    {
      "fraction": 0.6,
      "n_train_interactions": 97200,
      "n_train_entities": 1500,
      "n_train_items": 200,
      "model_name": "kindling+ranker",
      "fit_seconds": 19.661815333063714,
      "recommend_p50_ms": 10.566812532488257,
      "recommend_p95_ms": 12.666468776296824,
      "metrics": {
        "precision_at_k": 0.061006289308176094,
        "recall_at_k": 0.1709062629660114,
        "ndcg_at_k": 0.12292191561433043,
        "mrr": 0.1750399321154038,
        "hit_rate": 0.4570230607966457,
        "coverage": 1.0,
        "intra_list_diversity": 1.0,
        "n_entities_evaluated": 477,
        "k": 10
      }
    },
    {
      "fraction": 1.0,
      "n_train_interactions": 162000,
      "n_train_entities": 1500,
      "n_train_items": 200,
      "model_name": "kindling",
      "fit_seconds": 10.482231166912243,
      "recommend_p50_ms": 13.057561998721212,
      "recommend_p95_ms": 14.446908270474522,
      "metrics": {
        "precision_at_k": 0.1580712788259958,
        "recall_at_k": 0.4512338436080574,
        "ndcg_at_k": 0.31973209064949837,
        "mrr": 0.3513585238428006,
        "hit_rate": 0.7379454926624738,
        "coverage": 1.0,
        "intra_list_diversity": 1.0,
        "n_entities_evaluated": 477,
        "k": 10
      }
    },
    {
      "fraction": 1.0,
      "n_train_interactions": 162000,
      "n_train_entities": 1500,
      "n_train_items": 200,
      "model_name": "popularity",
      "fit_seconds": 0.034154666936956346,
      "recommend_p50_ms": 0.0011669471859931946,
      "recommend_p95_ms": 0.0019159633666276932,
      "metrics": {
        "precision_at_k": 0.03542976939203354,
        "recall_at_k": 0.08050161752991941,
        "ndcg_at_k": 0.059643598657639595,
        "mrr": 0.08609530464876376,
        "hit_rate": 0.24947589098532494,
        "coverage": 0.17,
        "intra_list_diversity": 1.0,
        "n_entities_evaluated": 477,