{
  "dataset": "synthetic-grocery-deep",
  "k": 10,
  "kindling_version": "0.0.1.dev0",
  "posterior_trace": [
    {
      "fraction": 0.3,
      "n_interactions": 48600,
      "signal_weights": {
        "path_full": 0.36836976294285795,
        "path_tail": 0.19295902751710794,
        "path_basket": 0.10525365980423296,
        "cooccurrence": 0.10528975254814772,
        "cost_population": 0.017548292091357953,
        "cost_entity": 0.017548292091357953,
        "cost_context": 0.017548292091357953,
        "item_item_cosine": 0.10528975254814772,
        "als_factor": 0.05264487627407386,
        "persona": 0.017548292091357953
      },
      "prior_alpha": {
        "path_full": 20.991772932949402,
        "path_tail": 10.995886466474701,
        "path_basket": 5.997943233237351,
        "cooccurrence": 6.0,
        "cost_population": 1.0,
        "cost_entity": 1.0,
        "cost_context": 1.0,
        "item_item_cosine": 6.0,
        "als_factor": 3.0,
        "persona": 1.0
      }
    },
    {
      "fraction": 0.6,
      "n_interactions": 97200,
      "signal_weights": {
        "path_full": 0.36840822868198864,
        "path_tail": 0.19297659828683433,
        "path_basket": 0.10526078308925715,
        "cooccurrence": 0.10526980735007996,
        "cost_population": 0.017544967891679992,
        "cost_entity": 0.017544967891679992,
        "cost_context": 0.017544967891679992,
        "item_item_cosine": 0.10526980735007996,
        "als_factor": 0.05263490367503998,
        "persona": 0.017544967891679992
      },
      "prior_alpha": {
        "path_full": 20.997942598498096,
        "path_tail": 10.998971299249048,
        "path_basket": 5.999485649624524,
        "cooccurrence": 6.0,
        "cost_population": 1.0,
        "cost_entity": 1.0,
        "cost_context": 1.0,
        "item_item_cosine": 6.0,
        "als_factor": 3.0,
        "persona": 1.0
      }
    },
    {
      "fraction": 1.0,
      "n_interactions": 162000,
      "signal_weights": {
        "path_full": 0.3684210526315789,
        "path_tail": 0.19298245614035087,
        "path_basket": 0.10526315789473684,
        "cooccurrence": 0.10526315789473684,
        "cost_population": 0.017543859649122806,
        "cost_entity": 0.017543859649122806,
        "cost_context": 0.017543859649122806,
        "item_item_cosine": 0.10526315789473684,
        "als_factor": 0.05263157894736842,
        "persona": 0.017543859649122806
      },
      "prior_alpha": {
        "path_full": 21.0,
        "path_tail": 11.0,
        "path_basket": 6.0,
        "cooccurrence": 6.0,
        "cost_population": 1.0,
        "cost_entity": 1.0,
        "cost_context": 1.0,
        "item_item_cosine": 6.0,
        "als_factor": 3.0,
        "persona": 1.0
      }
    }
  ],
  "ablation_points": [
    {
      "fraction": 0.3,
      "n_interactions": 48600,
      "config": "full",
      "ndcg_at_k": 0.12824392373509313,
      "recall_at_k": 0.18946765731356927,
      "mrr": 0.1693878739476224,
      "coverage": 1.0,
      "n_eval_entities": 477
    },
    {
      "fraction": 0.3,
      "n_interactions": 48600,
      "config": "-path_full",
      "ndcg_at_k": 0.12858181680365566,
      "recall_at_k": 0.18946765731356927,
      "mrr": 0.16963245815447076,
      "coverage": 1.0,
      "n_eval_entities": 477
    },
    {
      "fraction": 0.3,
      "n_interactions": 48600,
      "config": "-path_tail",
      "ndcg_at_k": 0.12814765489728144,
      "recall_at_k": 0.1911947213047842,
      "mrr": 0.1677897574123989,
      "coverage": 1.0,
      "n_eval_entities": 477
    },
    {
      "fraction": 0.3,
      "n_interactions": 48600,
      "config": "-path_basket",
      "ndcg_at_k": 0.12798279119785033,
      "recall_at_k": 0.18852426108715417,
      "mrr": 0.17043941965325612,
      "coverage": 1.0,
      "n_eval_entities": 477
    },
    {
      "fraction": 0.3,
      "n_interactions": 48600,
      "config": "-cooccurrence",
      "ndcg_at_k": 0.10007176150849607,
      "recall_at_k": 0.1490891998753634,
      "mrr": 0.13904528967422047,
      "coverage": 1.0,
      "n_eval_entities": 477
    },
    {
      "fraction": 0.3,
      "n_interactions": 48600,
      "config": "-cost_population",
      "ndcg_at_k": 0.12824392373509313,
      "recall_at_k": 0.18946765731356927,
      "mrr": 0.1693878739476224,
      "coverage": 1.0,
      "n_eval_entities": 477
    },
    {
      "fraction": 0.3,
      "n_interactions": 48600,
      "config": "-cost_entity",
      "ndcg_at_k": 0.12824392373509313,
      "recall_at_k": 0.18946765731356927,
      "mrr": 0.1693878739476224,
      "coverage": 1.0,
      "n_eval_entities": 477
    },
    {
      "fraction": 0.3,
      "n_interactions": 48600,
      "config": "-cost_context",
      "ndcg_at_k": 0.12824392373509313,
      "recall_at_k": 0.18946765731356927,
      "mrr": 0.1693878739476224,
      "coverage": 1.0,
      "n_eval_entities": 477
    },
    {
      "fraction": 0.3,
      "n_interactions": 48600,
      "config": "-item_item_cosine",
      "ndcg_at_k": 0.1282285434206371,
      "recall_at_k": 0.18946765731356927,
      "mrr": 0.1693878739476224,
      "coverage": 1.0,
      "n_eval_entities": 477
    },
    {
      "fraction": 0.3,
      "n_interactions": 48600,
      "config": "-als_factor",
      "ndcg_at_k": 0.12823884030912905,
      "recall_at_k": 0.18946765731356927,
      "mrr": 0.16942531030581345,
      "coverage": 1.0,
      "n_eval_entities": 477
    },
    {
      "fraction": 0.3,
      "n_interactions": 48600,
      "config": "-persona",
      "ndcg_at_k": 0.12824392373509313,
      "recall_at_k": 0.18946765731356927,
      "mrr": 0.1693878739476224,
      "coverage": 1.0,
      "n_eval_entities": 477
    },
    {
      "fraction": 0.3,
      "n_interactions": 48600,
      "config": "only_paths",
      "ndcg_at_k": 0.10028616882065089,
      "recall_at_k": 0.15049181542892232,
      "mrr": 0.13820671525074038,
      "coverage": 1.0,
      "n_eval_entities": 477
    },
    {
      "fraction": 0.3,
      "n_interactions": 48600,
      "config": "only_cooc",
      "ndcg_at_k": 0.1285624962820418,
      "recall_at_k": 0.19067061229010918,
      "mrr": 0.16855928255299324,
      "coverage": 1.0,
      "n_eval_entities": 477
    },
    {
      "fraction": 0.3,
      "n_interactions": 48600,
      "config": "only_cosine",
      "ndcg_at_k": 0.12141629990494222,
      "recall_at_k": 0.18255950606579538,
      "mrr": 0.1546920235599481,
      "coverage": 1.0,
      "n_eval_entities": 477
    },
    {
      "fraction": 0.3,
      "n_interactions": 48600,
      "config": "only_als",
      "ndcg_at_k": 0.11537631741774584,
      "recall_at_k": 0.17362774949252938,
      "mrr": 0.15406974809490537,
      "coverage": 1.0,
      "n_eval_entities": 477
    },
    {
      "fraction": 0.3,
      "n_interactions": 48600,
      "config": "only_cost",
      "ndcg_at_k": 0.12846589970602373,
      "recall_at_k": 0.19032120628032578,
      "mrr": 0.1686599447605737,
      "coverage": 1.0,
      "n_eval_entities": 477
    },
    {
      "fraction": 0.3,
      "n_interactions": 48600,
      "config": "only_persona",
      "ndcg_at_k": 0.09943022315429828,
      "recall_at_k": 0.15650414982175986,
      "mrr": 0.12564307344181558,
      "coverage": 1.0,
      "n_eval_entities": 477
    },
    {
      "fraction": 0.6,
      "n_interactions": 97200,
      "config": "full",
      "ndcg_at_k": 0.19019670252720378,
      "recall_at_k": 0.2829703228288134,
      "mrr": 0.23524425143922,
      "coverage": 1.0,
      "n_eval_entities": 477
    },
    {
      "fraction": 0.6,
      "n_interactions": 97200,
      "config": "-path_full",
      "ndcg_at_k": 0.19005522061837785,
      "recall_at_k": 0.28321490703566177,
      "mrr": 0.23415526937539521,
      "coverage": 1.0,
      "n_eval_entities": 477
    },
    {
      "fraction": 0.6,
      "n_interactions": 97200,
      "config": "-path_tail",
      "ndcg_at_k": 0.1903137761121865,