{
  "dataset": "synthetic-grocery-deep",
  "k": 10,
  "kindling_version": "0.0.1.dev0",
  "posterior_trace": [
    {
      "fraction": 0.3,
      "n_interactions": 48600,
      "signal_weights": {
        "path_full": 0.374949486043453,
        "path_tail": 0.1964056105392319,
        "path_basket": 0.10713367278712133,
        "cooccurrence": 0.10717041021006458,
        "cost_population": 0.017861735035010765,
        "cost_entity": 0.017861735035010765,
        "cost_context": 0.017861735035010765,
        "item_item_cosine": 0.10717041021006458,
        "als_factor": 0.05358520510503229
      },
      "prior_alpha": {
        "path_full": 20.991772932949402,
        "path_tail": 10.995886466474701,
        "path_basket": 5.997943233237351,
        "cooccurrence": 6.0,
        "cost_population": 1.0,
        "cost_entity": 1.0,
        "cost_context": 1.0,
        "item_item_cosine": 6.0,
        "als_factor": 3.0
      }
    },
    {
      "fraction": 0.6,
      "n_interactions": 97200,
      "signal_weights": {
        "path_full": 0.37498737004928895,
        "path_tail": 0.19642283054188459,
        "path_basket": 0.1071405607881824,
        "cooccurrence": 0.10714974620688135,
        "cost_population": 0.017858291034480226,
        "cost_entity": 0.017858291034480226,
        "cost_context": 0.017858291034480226,
        "item_item_cosine": 0.10714974620688135,
        "als_factor": 0.053574873103440675
      },
      "prior_alpha": {
        "path_full": 20.997942598498096,
        "path_tail": 10.998971299249048,
        "path_basket": 5.999485649624524,
        "cooccurrence": 6.0,
        "cost_population": 1.0,
        "cost_entity": 1.0,
        "cost_context": 1.0,
        "item_item_cosine": 6.0,
        "als_factor": 3.0
      }
    },
    {
      "fraction": 1.0,
      "n_interactions": 162000,
      "signal_weights": {
        "path_full": 0.375,
        "path_tail": 0.19642857142857142,
        "path_basket": 0.10714285714285714,
        "cooccurrence": 0.10714285714285714,
        "cost_population": 0.017857142857142856,
        "cost_entity": 0.017857142857142856,
        "cost_context": 0.017857142857142856,
        "item_item_cosine": 0.10714285714285714,
        "als_factor": 0.05357142857142857
      },
      "prior_alpha": {
        "path_full": 21.0,
        "path_tail": 11.0,
        "path_basket": 6.0,
        "cooccurrence": 6.0,
        "cost_population": 1.0,
        "cost_entity": 1.0,
        "cost_context": 1.0,
        "item_item_cosine": 6.0,
        "als_factor": 3.0
      }
    }
  ],
  "ablation_points": [
    {
      "fraction": 0.3,
      "n_interactions": 48600,
      "config": "full",
      "ndcg_at_k": 0.12824392373509313,
      "recall_at_k": 0.18946765731356927,
      "mrr": 0.1693878739476224,
      "coverage": 1.0,
      "n_eval_entities": 477
    },
    {
      "fraction": 0.3,
      "n_interactions": 48600,
      "config": "-path_full",
      "ndcg_at_k": 0.12858181680365566,
      "recall_at_k": 0.18946765731356927,
      "mrr": 0.16963245815447076,
      "coverage": 1.0,
      "n_eval_entities": 477
    },
    {
      "fraction": 0.3,
      "n_interactions": 48600,
      "config": "-path_tail",
      "ndcg_at_k": 0.12835318799126752,
      "recall_at_k": 0.19161400851652424,
      "mrr": 0.1677897574123989,
      "coverage": 1.0,
      "n_eval_entities": 477
    },
    {
      "fraction": 0.3,
      "n_interactions": 48600,
      "config": "-path_basket",
      "ndcg_at_k": 0.12789973111518885,
      "recall_at_k": 0.18852426108715417,
      "mrr": 0.17009001364347276,
      "coverage": 1.0,
      "n_eval_entities": 477
    },
    {
      "fraction": 0.3,
      "n_interactions": 48600,
      "config": "-cooccurrence",
      "ndcg_at_k": 0.09969137897931833,
      "recall_at_k": 0.1481458036489483,
      "mrr": 0.13913347309573726,
      "coverage": 1.0,
      "n_eval_entities": 477
    },
    {
      "fraction": 0.3,
      "n_interactions": 48600,
      "config": "-cost_population",
      "ndcg_at_k": 0.12824392373509313,
      "recall_at_k": 0.18946765731356927,
      "mrr": 0.1693878739476224,
      "coverage": 1.0,
      "n_eval_entities": 477
    },
    {
      "fraction": 0.3,
      "n_interactions": 48600,
      "config": "-cost_entity",
      "ndcg_at_k": 0.12824392373509313,
      "recall_at_k": 0.18946765731356927,
      "mrr": 0.1693878739476224,
      "coverage": 1.0,
      "n_eval_entities": 477
    },
    {
      "fraction": 0.3,
      "n_interactions": 48600,
      "config": "-cost_context",
      "ndcg_at_k": 0.12824392373509313,
      "recall_at_k": 0.18946765731356927,
      "mrr": 0.1693878739476224,
      "coverage": 1.0,
      "n_eval_entities": 477
    },
    {
      "fraction": 0.3,
      "n_interactions": 48600,
      "config": "-item_item_cosine",
      "ndcg_at_k": 0.1282285434206371,
      "recall_at_k": 0.18946765731356927,
      "mrr": 0.1693878739476224,
      "coverage": 1.0,
      "n_eval_entities": 477
    },
    {
      "fraction": 0.3,
      "n_interactions": 48600,
      "config": "-als_factor",
      "ndcg_at_k": 0.1283307140006151,
      "recall_at_k": 0.18946765731356927,
      "mrr": 0.16953013210874848,
      "coverage": 1.0,
      "n_eval_entities": 477
    },
    {
      "fraction": 0.3,
      "n_interactions": 48600,
      "config": "only_paths",
      "ndcg_at_k": 0.10018052212464526,
      "recall_at_k": 0.1502297609215848,
      "mrr": 0.13800206315929583,
      "coverage": 1.0,
      "n_eval_entities": 477
    },
    {
      "fraction": 0.3,
      "n_interactions": 48600,
      "config": "only_cooc",
      "ndcg_at_k": 0.1286844427909434,
      "recall_at_k": 0.19067061229010918,
      "mrr": 0.16894612492096767,
      "coverage": 1.0,
      "n_eval_entities": 477
    },
    {
      "fraction": 0.3,
      "n_interactions": 48600,
      "config": "only_cosine",
      "ndcg_at_k": 0.12141629990494222,
      "recall_at_k": 0.18255950606579538,
      "mrr": 0.1546920235599481,
      "coverage": 1.0,
      "n_eval_entities": 477
    },
    {
      "fraction": 0.3,
      "n_interactions": 48600,
      "config": "only_als",
      "ndcg_at_k": 0.11537631741774584,
      "recall_at_k": 0.17362774949252938,
      "mrr": 0.15406974809490537,
      "coverage": 1.0,
      "n_eval_entities": 477
    },
    {
      "fraction": 0.3,
      "n_interactions": 48600,
      "config": "only_cost",
      "ndcg_at_k": 0.12881184905851825,
      "recall_at_k": 0.19074049349206584,
      "mrr": 0.16918405377524875,
      "coverage": 1.0,
      "n_eval_entities": 477
    },
    {
      "fraction": 0.6,
      "n_interactions": 97200,
      "config": "full",
      "ndcg_at_k": 0.19018352122522225,
      "recall_at_k": 0.2829703228288134,
      "mrr": 0.23524425143922,
      "coverage": 1.0,
      "n_eval_entities": 477
    },
    {
      "fraction": 0.6,
      "n_interactions": 97200,
      "config": "-path_full",
      "ndcg_at_k": 0.19005522061837785,
      "recall_at_k": 0.28321490703566177,
      "mrr": 0.23415526937539521,
      "coverage": 1.0,
      "n_eval_entities": 477
    },
    {
      "fraction": 0.6,
      "n_interactions": 97200,
      "config": "-path_tail",
      "ndcg_at_k": 0.1903137761121865,
      "recall_at_k": 0.2833197288385968,
      "mrr": 0.23510448903530667,
      "coverage": 1.0,
      "n_eval_entities": 477
    },
    {
      "fraction": 0.6,
      "n_interactions": 97200,
      "config": "-path_basket",
      "ndcg_at_k": 0.19045122121670494,
      "recall_at_k": 0.28366913484838013,
      "mrr": 0.235349073242155,
      "coverage": 1.0,
      "n_eval_entities": 477
    },
    {
      "fraction": 0.6,
      "n_interactions": 97200,
      "config": "-cooccurrence",
      "ndcg_at_k": 0.12739908596448996,
      "recall_at_k": 0.19667073550721348,
      "mrr": 0.16208528834314997,
      "coverage": 1.0,
      "n_eval_entities": 477
    },
    {
      "fraction": 0.6,
      "n_interactions": 97200,
      "config": "-cost_population",