{
  "dataset": "movielens-1m",
  "k": 10,
  "kindling_version": "0.0.1.dev0",
  "posterior_trace": [
    {
      "fraction": 0.3,
      "n_interactions": 155326,
      "signal_weights": {
        "path_full": 0.02740468850749792,
        "path_tail": 0.027404688507497926,
        "path_basket": 0.027404688507497936,
        "cooccurrence": 0.029768347668041522,
        "cost_population": 0.11110270835382711,
        "cost_entity": 0.10754597722369509,
        "cost_context": 0.10836294946009081,
        "item_item_cosine": 0.3000211392461546,
        "als_factor": 0.260984812525697
      },
      "prior_alpha": {
        "path_full": 0.5,
        "path_tail": 0.5,
        "path_basket": 0.5,
        "cooccurrence": 3.1196799716679173,
        "cost_population": 1.0,
        "cost_entity": 1.0,
        "cost_context": 1.0,
        "item_item_cosine": 3.1196799716679173,
        "als_factor": 1.8478719886671668
      }
    },
    {
      "fraction": 0.6,
      "n_interactions": 310651,
      "signal_weights": {
        "path_full": 0.022926838376862466,
        "path_tail": 0.022926838376862463,
        "path_basket": 0.02292683837686252,
        "cooccurrence": 0.024598166491663628,
        "cost_population": 0.11857253566694606,
        "cost_entity": 0.11930784562434413,
        "cost_context": 0.13934656309842597,
        "item_item_cosine": 0.2846035954048249,
        "als_factor": 0.24479077858320786
      },
      "prior_alpha": {
        "path_full": 0.5,
        "path_tail": 0.5,
        "path_basket": 0.5,
        "cooccurrence": 3.652110760049149,
        "cost_population": 1.0,
        "cost_entity": 1.0,
        "cost_context": 1.0,
        "item_item_cosine": 3.652110760049149,
        "als_factor": 2.0608443040196596
      }
    },
    {
      "fraction": 1.0,
      "n_interactions": 517752,
      "signal_weights": {
        "path_full": 0.022223615407061272,
        "path_tail": 0.022223615407061158,
        "path_basket": 0.022223615407061307,
        "cooccurrence": 0.023753677388237044,
        "cost_population": 0.09609490710276351,
        "cost_entity": 0.1056652846848881,
        "cost_context": 0.14057279121453478,
        "item_item_cosine": 0.29586010999384343,
        "als_factor": 0.2713823833945494
      },
      "prior_alpha": {
        "path_full": 0.5,
        "path_tail": 0.5,
        "path_basket": 0.5,
        "cooccurrence": 3.9664331674121285,
        "cost_population": 1.0,
        "cost_entity": 1.0,
        "cost_context": 1.0,
        "item_item_cosine": 3.9664331674121285,
        "als_factor": 2.186573266964851
      }
    }
  ],
  "ablation_points": [
    {
      "fraction": 0.3,
      "n_interactions": 155326,
      "config": "full",
      "ndcg_at_k": 0.11479074680742311,
      "recall_at_k": 0.03200515960212911,
      "mrr": 0.20272460317460317,
      "coverage": 0.01716321243523316,
      "n_eval_entities": 500
    },
    {
      "fraction": 0.3,
      "n_interactions": 155326,
      "config": "-path_full",
      "ndcg_at_k": 0.11487889496643115,
      "recall_at_k": 0.03200515960212911,
      "mrr": 0.20305793650793652,
      "coverage": 0.01716321243523316,
      "n_eval_entities": 500
    },
    {
      "fraction": 0.3,
      "n_interactions": 155326,
      "config": "-path_tail",
      "ndcg_at_k": 0.11478547993691225,
      "recall_at_k": 0.03200515960212911,
      "mrr": 0.20275238095238093,
      "coverage": 0.01683937823834197,
      "n_eval_entities": 500
    },
    {
      "fraction": 0.3,
      "n_interactions": 155326,
      "config": "-path_basket",
      "ndcg_at_k": 0.11479861220774831,
      "recall_at_k": 0.03200515960212911,
      "mrr": 0.20272460317460317,
      "coverage": 0.01716321243523316,
      "n_eval_entities": 500
    },
    {
      "fraction": 0.3,
      "n_interactions": 155326,
      "config": "-cooccurrence",
      "ndcg_at_k": 0.1111661267501826,
      "recall_at_k": 0.03150114508142066,
      "mrr": 0.19558015873015872,
      "coverage": 0.09617875647668393,
      "n_eval_entities": 500
    },
    {
      "fraction": 0.3,
      "n_interactions": 155326,
      "config": "-cost_population",
      "ndcg_at_k": 0.11479074680742311,
      "recall_at_k": 0.03200515960212911,
      "mrr": 0.20272460317460317,
      "coverage": 0.01716321243523316,
      "n_eval_entities": 500
    },
    {
      "fraction": 0.3,
      "n_interactions": 155326,
      "config": "-cost_entity",
      "ndcg_at_k": 0.11479074680742311,
      "recall_at_k": 0.03200515960212911,
      "mrr": 0.20272460317460317,
      "coverage": 0.01716321243523316,
      "n_eval_entities": 500
    },
    {
      "fraction": 0.3,
      "n_interactions": 155326,
      "config": "-cost_context",
      "ndcg_at_k": 0.11479074680742311,
      "recall_at_k": 0.03200515960212911,
      "mrr": 0.20272460317460317,
      "coverage": 0.01716321243523316,
      "n_eval_entities": 500
    },
    {
      "fraction": 0.3,
      "n_interactions": 155326,
      "config": "-item_item_cosine",
      "ndcg_at_k": 0.11466610376083952,
      "recall_at_k": 0.03182334142031093,
      "mrr": 0.20250238095238093,
      "coverage": 0.01716321243523316,
      "n_eval_entities": 500
    },
    {
      "fraction": 0.3,
      "n_interactions": 155326,
      "config": "-als_factor",
      "ndcg_at_k": 0.11479861220774831,
      "recall_at_k": 0.03200515960212911,
      "mrr": 0.20272460317460317,
      "coverage": 0.01716321243523316,
      "n_eval_entities": 500
    },
    {
      "fraction": 0.3,
      "n_interactions": 155326,
      "config": "only_paths",
      "ndcg_at_k": 0.1070669302115443,
      "recall_at_k": 0.029952433876550066,
      "mrr": 0.19013809523809522,
      "coverage": 0.12402849740932642,
      "n_eval_entities": 500
    },
    {
      "fraction": 0.3,
      "n_interactions": 155326,
      "config": "only_cooc",
      "ndcg_at_k": 0.11483149219088562,
      "recall_at_k": 0.03200515960212911,
      "mrr": 0.20303571428571426,
      "coverage": 0.01683937823834197,
      "n_eval_entities": 500
    },
    {
      "fraction": 0.3,
      "n_interactions": 155326,
      "config": "only_cosine",
      "ndcg_at_k": 0.11508673179449659,
      "recall_at_k": 0.032208362618185875,
      "mrr": 0.2024079365079365,
      "coverage": 0.06055699481865285,
      "n_eval_entities": 500
    },
    {
      "fraction": 0.3,
      "n_interactions": 155326,
      "config": "only_als",
      "ndcg_at_k": 0.1140326931929676,
      "recall_at_k": 0.031943481045290094,
      "mrr": 0.20009285714285713,
      "coverage": 0.07480569948186529,
      "n_eval_entities": 500
    },
    {
      "fraction": 0.3,
      "n_interactions": 155326,
      "config": "only_cost",
      "ndcg_at_k": 0.11466610376083952,
      "recall_at_k": 0.03182334142031093,
      "mrr": 0.20250238095238093,
      "coverage": 0.01716321243523316,
      "n_eval_entities": 500
    },
    {
      "fraction": 0.6,
      "n_interactions": 310651,
      "config": "full",
      "ndcg_at_k": 0.13346174524623827,
      "recall_at_k": 0.03596738107553186,
      "mrr": 0.23656190476190478,
      "coverage": 0.023400473933649288,
      "n_eval_entities": 500
    },
    {
      "fraction": 0.6,
      "n_interactions": 310651,
      "config": "-path_full",
      "ndcg_at_k": 0.13373531943045408,
      "recall_at_k": 0.03596738107553186,
      "mrr": 0.2382761904761905,
      "coverage": 0.023400473933649288,
      "n_eval_entities": 500
    },
    {
      "fraction": 0.6,
      "n_interactions": 310651,
      "config": "-path_tail",
      "ndcg_at_k": 0.1336308891434349,
      "recall_at_k": 0.03597626996442075,
      "mrr": 0.23685952380952383,
      "coverage": 0.023400473933649288,
      "n_eval_entities": 500
    },
    {
      "fraction": 0.6,
      "n_interactions": 310651,
      "config": "-path_basket",
      "ndcg_at_k": 0.13346809924320305,
      "recall_at_k": 0.03596738107553186,
      "mrr": 0.23656190476190478,
      "coverage": 0.023400473933649288,