{
  "dataset": "movielens-1m",
  "k": 10,
  "kindling_version": "0.0.1.dev0",
  "posterior_trace": [
    {
      "fraction": 0.3,
      "n_interactions": 155326,
      "signal_weights": {
        "path_full": 0.02430770178726532,
        "path_tail": 0.02430770178726539,
        "path_basket": 0.024307701787265375,
        "cooccurrence": 0.02660010206045853,
        "cost_population": 0.11256451413061258,
        "cost_entity": 0.09302537667046681,
        "cost_context": 0.09537349465704703,
        "item_item_cosine": 0.2879189728865745,
        "als_factor": 0.20250576538741277,
        "persona": 0.1090886688456317
      },
      "prior_alpha": {
        "path_full": 0.5,
        "path_tail": 0.5,
        "path_basket": 0.5,
        "cooccurrence": 3.1196799716679173,
        "cost_population": 1.0,
        "cost_entity": 1.0,
        "cost_context": 1.0,
        "item_item_cosine": 3.1196799716679173,
        "als_factor": 1.8478719886671668,
        "persona": 1.0
      }
    },
    {
      "fraction": 0.6,
      "n_interactions": 310651,
      "signal_weights": {
        "path_full": 0.022953883845680076,
        "path_tail": 0.022953883845680076,
        "path_basket": 0.022953883845680135,
        "cooccurrence": 0.024952385557241406,
        "cost_population": 0.08607948938587075,
        "cost_entity": 0.1068911971909874,
        "cost_context": 0.09253598001869137,
        "item_item_cosine": 0.3148661505233936,
        "als_factor": 0.20217256295895258,
        "persona": 0.10364058282782254
      },
      "prior_alpha": {
        "path_full": 0.5,
        "path_tail": 0.5,
        "path_basket": 0.5,
        "cooccurrence": 3.652110760049149,
        "cost_population": 1.0,
        "cost_entity": 1.0,
        "cost_context": 1.0,
        "item_item_cosine": 3.652110760049149,
        "als_factor": 2.0608443040196596,
        "persona": 1.0
      }
    },
    {
      "fraction": 1.0,
      "n_interactions": 517752,
      "signal_weights": {
        "path_full": 0.020965324938877018,
        "path_tail": 0.020965324938877036,
        "path_basket": 0.02096532493887713,
        "cooccurrence": 0.02244450424760496,
        "cost_population": 0.1045888282648278,
        "cost_entity": 0.0710834273518058,
        "cost_context": 0.077645824144406,
        "item_item_cosine": 0.3039011465014547,
        "als_factor": 0.23306627714248998,
        "persona": 0.12437401753077965
      },
      "prior_alpha": {
        "path_full": 0.5,
        "path_tail": 0.5,
        "path_basket": 0.5,
        "cooccurrence": 3.9664331674121285,
        "cost_population": 1.0,
        "cost_entity": 1.0,
        "cost_context": 1.0,
        "item_item_cosine": 3.9664331674121285,
        "als_factor": 2.186573266964851,
        "persona": 1.0
      }
    }
  ],
  "ablation_points": [
    {
      "fraction": 0.3,
      "n_interactions": 155326,
      "config": "full",
      "ndcg_at_k": 0.11479074680742311,
      "recall_at_k": 0.03200515960212911,
      "mrr": 0.20272460317460317,
      "coverage": 0.01716321243523316,
      "n_eval_entities": 500
    },
    {
      "fraction": 0.3,
      "n_interactions": 155326,
      "config": "-path_full",
      "ndcg_at_k": 0.11487889496643115,
      "recall_at_k": 0.03200515960212911,
      "mrr": 0.20305793650793652,
      "coverage": 0.01716321243523316,
      "n_eval_entities": 500
    },
    {
      "fraction": 0.3,
      "n_interactions": 155326,
      "config": "-path_tail",
      "ndcg_at_k": 0.11478547993691225,
      "recall_at_k": 0.03200515960212911,
      "mrr": 0.20275238095238093,
      "coverage": 0.01683937823834197,
      "n_eval_entities": 500
    },
    {
      "fraction": 0.3,
      "n_interactions": 155326,
      "config": "-path_basket",
      "ndcg_at_k": 0.11479861220774831,
      "recall_at_k": 0.03200515960212911,
      "mrr": 0.20272460317460317,
      "coverage": 0.01716321243523316,
      "n_eval_entities": 500
    },
    {
      "fraction": 0.3,
      "n_interactions": 155326,
      "config": "-cooccurrence",
      "ndcg_at_k": 0.10989253733010466,
      "recall_at_k": 0.0309427893382734,
      "mrr": 0.19396904761904762,
      "coverage": 0.1094559585492228,
      "n_eval_entities": 500
    },
    {
      "fraction": 0.3,
      "n_interactions": 155326,
      "config": "-cost_population",
      "ndcg_at_k": 0.11479074680742311,
      "recall_at_k": 0.03200515960212911,
      "mrr": 0.20272460317460317,
      "coverage": 0.01716321243523316,
      "n_eval_entities": 500
    },
    {
      "fraction": 0.3,
      "n_interactions": 155326,
      "config": "-cost_entity",
      "ndcg_at_k": 0.11479074680742311,
      "recall_at_k": 0.03200515960212911,
      "mrr": 0.20272460317460317,
      "coverage": 0.01716321243523316,
      "n_eval_entities": 500
    },
    {
      "fraction": 0.3,
      "n_interactions": 155326,
      "config": "-cost_context",
      "ndcg_at_k": 0.11479074680742311,
      "recall_at_k": 0.03200515960212911,
      "mrr": 0.20272460317460317,
      "coverage": 0.01716321243523316,
      "n_eval_entities": 500
    },
    {
      "fraction": 0.3,
      "n_interactions": 155326,
      "config": "-item_item_cosine",
      "ndcg_at_k": 0.11466610376083952,
      "recall_at_k": 0.03182334142031093,
      "mrr": 0.20250238095238093,
      "coverage": 0.01716321243523316,
      "n_eval_entities": 500
    },
    {
      "fraction": 0.3,
      "n_interactions": 155326,
      "config": "-als_factor",
      "ndcg_at_k": 0.11479861220774831,
      "recall_at_k": 0.03200515960212911,
      "mrr": 0.20272460317460317,
      "coverage": 0.01716321243523316,
      "n_eval_entities": 500
    },
    {
      "fraction": 0.3,
      "n_interactions": 155326,
      "config": "-persona",
      "ndcg_at_k": 0.11479074680742311,
      "recall_at_k": 0.03200515960212911,
      "mrr": 0.20272460317460317,
      "coverage": 0.01716321243523316,
      "n_eval_entities": 500
    },
    {
      "fraction": 0.3,
      "n_interactions": 155326,
      "config": "only_paths",
      "ndcg_at_k": 0.1067438285527902,
      "recall_at_k": 0.029628876062400857,
      "mrr": 0.18923809523809523,
      "coverage": 0.12402849740932642,
      "n_eval_entities": 500
    },
    {
      "fraction": 0.3,
      "n_interactions": 155326,
      "config": "only_cooc",
      "ndcg_at_k": 0.11483149219088562,
      "recall_at_k": 0.03200515960212911,
      "mrr": 0.20303571428571426,
      "coverage": 0.01683937823834197,
      "n_eval_entities": 500
    },
    {
      "fraction": 0.3,
      "n_interactions": 155326,
      "config": "only_cosine",
      "ndcg_at_k": 0.11508673179449659,
      "recall_at_k": 0.032208362618185875,
      "mrr": 0.2024079365079365,
      "coverage": 0.06055699481865285,
      "n_eval_entities": 500
    },
    {
      "fraction": 0.3,
      "n_interactions": 155326,
      "config": "only_als",
      "ndcg_at_k": 0.1140326931929676,
      "recall_at_k": 0.031943481045290094,
      "mrr": 0.20009285714285713,
      "coverage": 0.07480569948186529,
      "n_eval_entities": 500
    },
    {
      "fraction": 0.3,
      "n_interactions": 155326,
      "config": "only_cost",
      "ndcg_at_k": 0.11466610376083952,
      "recall_at_k": 0.03182334142031093,
      "mrr": 0.20250238095238093,
      "coverage": 0.01716321243523316,
      "n_eval_entities": 500
    },
    {
      "fraction": 0.3,
      "n_interactions": 155326,
      "config": "only_persona",
      "ndcg_at_k": 0.10342495702470773,
      "recall_at_k": 0.029043469398308354,
      "mrr": 0.1844825396825397,
      "coverage": 0.04825129533678756,
      "n_eval_entities": 500
    },
    {
      "fraction": 0.6,
      "n_interactions": 310651,
      "config": "full",
      "ndcg_at_k": 0.13346809924320305,
      "recall_at_k": 0.03596738107553186,
      "mrr": 0.23656190476190478,
      "coverage": 0.023400473933649288,
      "n_eval_entities": 500
    },
    {
      "fraction": 0.6,
      "n_interactions": 310651,
      "config": "-path_full",