{
  "loader": "movielens-1m",
  "n_train": 900188,
  "n_test": 100021,
  "n_users_evaluated": 500,
  "k": 10,
  "variants": {
    "A_cooc_base": {
      "kwargs": {
        "use_graph_mf": false
      },
      "fit_seconds": 27.30145316699054,
      "metrics": {
        "ndcg_at_k": 0.25206244417514223,
        "recall_at_k": 0.044234740159365564,
        "mrr": 0.4202444444444445,
        "hit_rate": 0.67,
        "coverage": 0.05057096247960848
      },
      "latency": {
        "p50_ms": 0.9075415437109768,
        "p95_ms": 5.695534031838169,
        "p99_ms": 9.02247824706137
      },
      "graph_mf_active": false,
      "graph_mf_data_graph_kind": "none"
    },
    "B_graph_mf_base": {
      "kwargs": {
        "use_graph_mf": true,
        "graph_mf_role": "base"
      },
      "fit_seconds": 22.88861170806922,
      "metrics": {
        "ndcg_at_k": 0.21473407333500216,
        "recall_at_k": 0.042804091664141466,
        "mrr": 0.360384126984127,
        "hit_rate": 0.666,
        "coverage": 0.22838499184339314
      },
      "latency": {
        "p50_ms": 0.4431254928931594,
        "p95_ms": 1.5986902522854505,
        "p99_ms": 2.2766981751192357
      },
      "graph_mf_active": true,
      "graph_mf_data_graph_kind": "directional_inferred"
    },
    "C_graph_mf_boost": {
      "kwargs": {
        "use_graph_mf": true,
        "graph_mf_role": "boost"
      },
      "fit_seconds": 20.945455083041452,
      "metrics": {
        "ndcg_at_k": 0.2517182625360562,
        "recall_at_k": 0.0442221519010677,
        "mrr": 0.4172309523809524,
        "hit_rate": 0.668,
        "coverage": 0.05057096247960848
      },
      "latency": {
        "p50_ms": 0.7856040028855205,
        "p95_ms": 3.097433270886535,
        "p99_ms": 4.812678368762132
      },
      "graph_mf_active": true,
      "graph_mf_data_graph_kind": "directional_inferred"
    }
  },
  "timestamp": "2026-05-08T17:32:45"
}
