{
  "loader": "amazon-beauty",
  "n_train": 178651,
  "n_test": 19851,
  "n_users_evaluated": 500,
  "k": 10,
  "variants": {
    "A_cooc_base": {
      "kwargs": {
        "use_graph_mf": false
      },
      "fit_seconds": 76.42441574996337,
      "metrics": {
        "ndcg_at_k": 0.028991904825981442,
        "recall_at_k": 0.03271192608204804,
        "mrr": 0.040679365079365086,
        "hit_rate": 0.086,
        "coverage": 0.12484321431557822
      },
      "latency": {
        "p50_ms": 0.2242710324935615,
        "p95_ms": 0.32453563762828663,
        "p99_ms": 0.415402491344139
      },
      "graph_mf_active": false,
      "graph_mf_data_graph_kind": "none"
    },
    "B_graph_mf_base": {
      "kwargs": {
        "use_graph_mf": true,
        "graph_mf_role": "base"
      },
      "fit_seconds": 73.4255776249338,
      "metrics": {
        "ndcg_at_k": 0.025289802764898495,
        "recall_at_k": 0.030417871423968987,
        "mrr": 0.03701507936507936,
        "hit_rate": 0.09,
        "coverage": 0.08069236558240656
      },
      "latency": {
        "p50_ms": 0.11370796710252762,
        "p95_ms": 0.19457561429589965,
        "p99_ms": 0.25044725276529783
      },
      "graph_mf_active": true,
      "graph_mf_data_graph_kind": "directional_inferred"
    },
    "C_graph_mf_boost": {
      "kwargs": {
        "use_graph_mf": true,
        "graph_mf_role": "boost"
      },
      "fit_seconds": 73.5045345419785,
      "metrics": {
        "ndcg_at_k": 0.029150098342397478,
        "recall_at_k": 0.033092878463000415,
        "mrr": 0.04114603174603174,
        "hit_rate": 0.088,
        "coverage": 0.11773559662179112
      },
      "latency": {
        "p50_ms": 0.2484580036252737,
        "p95_ms": 0.34034405252896244,
        "p99_ms": 0.430642843712121
      },
      "graph_mf_active": true,
      "graph_mf_data_graph_kind": "directional_inferred"
    }
  },
  "timestamp": "2026-05-08T17:34:04"
}
