{
  "loader": "amazon-book",
  "n_train": 2380730,
  "n_test": 603378,
  "n_users_evaluated": 500,
  "k": 10,
  "metrics": {
    "v1": {
      "ndcg_at_k": 0.025513123177784727,
      "recall_at_k": 0.025133163821754085,
      "precision_at_k": 0.0176,
      "mrr": 0.05639603174603175,
      "hit_rate": 0.142,
      "coverage": 0.013864780183189773
    },
    "v2": {
      "ndcg_at_k": 0.023731534650539815,
      "recall_at_k": 0.023181730940909438,
      "precision_at_k": 0.016399999999999998,
      "mrr": 0.05159920634920635,
      "hit_rate": 0.132,
      "coverage": 0.01507658380550006
    }
  },
  "timing": {
    "v1": {
      "fit_s": 117.41432137502125,
      "p50_ms": 27.282895491225645,
      "p95_ms": 29.48990386503283,
      "p99_ms": 33.06821646052413,
      "mean_ms": 27.557451672386378
    },
    "v2": {
      "fit_s": 1041.1475696249981,
      "p50_ms": 1.0197500232607126,
      "p95_ms": 2.6371339452452927,
      "p99_ms": 5.0330412411130965,
      "mean_ms": 1.217044597840868
    }
  },
  "deltas": {
    "ndcg_at_k": -0.06983027968901159,
    "recall_at_k": -0.07764374173837908,
    "precision_at_k": -0.06818181818181836,
    "mrr": -0.08505608015874132,
    "hit_rate": -0.07042253521126748,
    "coverage": 0.08740157480314963
  },
  "timestamp": "2026-05-03T21:34:03"
}
