{
  "loader": "amazon-beauty",
  "n_train": 178651,
  "n_test": 19851,
  "n_users_evaluated": 500,
  "k": 10,
  "metrics": {
    "v1": {
      "ndcg_at_k": 0.0298538886284407,
      "recall_at_k": 0.03411470385982581,
      "precision_at_k": 0.0166,
      "mrr": 0.04122460317460318,
      "hit_rate": 0.09,
      "coverage": 0.11535887569014555
    },
    "v2": {
      "ndcg_at_k": 0.028991904825981442,
      "recall_at_k": 0.03271192608204804,
      "precision_at_k": 0.016,
      "mrr": 0.040679365079365086,
      "hit_rate": 0.086,
      "coverage": 0.12484321431557822
    }
  },
  "timing": {
    "v1": {
      "fit_s": 8.918815042008646,
      "p50_ms": 2.703958045458421,
      "p95_ms": 3.63883574027568,
      "p99_ms": 4.743882082402706,
      "mean_ms": 2.8060308397980407
    },
    "v2": {
      "fit_s": 75.00332033296581,
      "p50_ms": 0.23187548504211009,
      "p95_ms": 0.3512305731419472,
      "p99_ms": 0.5007957451744003,
      "mean_ms": 0.24704649194609374
    }
  },
  "deltas": {
    "ndcg_at_k": -0.02887341790503227,
    "recall_at_k": -0.04111944760070786,
    "precision_at_k": -0.036144578313253004,
    "mrr": -0.013226036232023477,
    "hit_rate": -0.04444444444444449,
    "coverage": 0.08221594193504146
  },
  "timestamp": "2026-05-03T21:32:34"
}
