{
  "loader": "movielens-1m",
  "n_train": 900188,
  "n_test": 100021,
  "n_users_evaluated": 500,
  "k": 10,
  "metrics": {
    "v1": {
      "ndcg_at_k": 0.25479199778118505,
      "recall_at_k": 0.043063777643975454,
      "precision_at_k": 0.238,
      "mrr": 0.4192555555555556,
      "hit_rate": 0.678,
      "coverage": 0.03593314763231198
    },
    "v2": {
      "ndcg_at_k": 0.25206244417514223,
      "recall_at_k": 0.044234740159365564,
      "precision_at_k": 0.2338,
      "mrr": 0.4202444444444445,
      "hit_rate": 0.67,
      "coverage": 0.05057096247960848
    }
  },
  "timing": {
    "v1": {
      "fit_s": 22.03548616700573,
      "p50_ms": 3.61941650044173,
      "p95_ms": 8.331160104717126,
      "p99_ms": 10.819254939560777,
      "mean_ms": 4.169907991425134
    },
    "v2": {
      "fit_s": 16.701067957968917,
      "p50_ms": 0.8080625266302377,
      "p95_ms": 3.2820555905345814,
      "p99_ms": 6.203859934466889,
      "mean_ms": 1.1731867636553943
    }
  },
  "deltas": {
    "ndcg_at_k": -0.010712870222819788,
    "recall_at_k": 0.027191356157160673,
    "precision_at_k": -0.017647058823529335,
    "mrr": 0.0023586780801950155,
    "hit_rate": -0.011799410029498535,
    "coverage": 0.40736244419995693
  },
  "timestamp": "2026-05-03T21:31:46"
}
