{
  "loader": "amazon-beauty",
  "n_train": 178651,
  "n_test": 19851,
  "n_users_evaluated": 300,
  "k": 10,
  "metrics": {
    "v1": {
      "ndcg_at_k": 0.027452305624314624,
      "recall_at_k": 0.03735401002506265,
      "precision_at_k": 0.016000000000000004,
      "mrr": 0.03941534391534392,
      "hit_rate": 0.09,
      "coverage": 0.11853772795716915
    },
    "v2": {
      "ndcg_at_k": 0.028891546498943318,
      "recall_at_k": 0.032185359231411866,
      "precision_at_k": 0.016000000000000004,
      "mrr": 0.039628306878306874,
      "hit_rate": 0.07333333333333333,
      "coverage": 0.08629484070574463
    }
  },
  "timing": {
    "v1": {
      "fit_s": 8.81886574998498,
      "p50_ms": 2.209208090789616,
      "p95_ms": 4.443179268855605,
      "p99_ms": 6.181714702397585,
      "mean_ms": 2.4232011272882423
    },
    "v2": {
      "fit_s": 42.161937416065484,
      "p50_ms": 0.08335395250469446,
      "p95_ms": 0.16931245336309078,
      "p99_ms": 0.24417480686679452,
      "mean_ms": 0.09293556989481051
    }
  },
  "deltas": {
    "ndcg_at_k": 0.05242695802402666,
    "recall_at_k": -0.13836936891602492,
    "precision_at_k": 0.0,
    "mrr": 0.005403047184374625,
    "hit_rate": -0.18518518518518515,
    "coverage": -0.27200527466727503
  },
  "timestamp": "2026-04-25T22:23:47"
}
