{
  "loader": "amazon-beauty",
  "n_train": 178651,
  "n_test": 19851,
  "n_users_evaluated": 300,
  "k": 10,
  "metrics": {
    "v1": {
      "ndcg_at_k": 0.027452305624314624,
      "recall_at_k": 0.03735401002506265,
      "precision_at_k": 0.016000000000000004,
      "mrr": 0.03941534391534392,
      "hit_rate": 0.09,
      "coverage": 0.11853772795716915
    },
    "v2": {
      "ndcg_at_k": 0.02906114643114769,
      "recall_at_k": 0.032312343358395994,
      "precision_at_k": 0.016,
      "mrr": 0.03982275132275132,
      "hit_rate": 0.07333333333333333,
      "coverage": 0.09022493519525043
    }
  },
  "timing": {
    "v1": {
      "fit_s": 9.165746750077233,
      "p50_ms": 2.2539375349879265,
      "p95_ms": 3.574327158275994,
      "p99_ms": 6.196537038777022,
      "mean_ms": 2.413354617698739
    },
    "v2": {
      "fit_s": 46.377797916997224,
      "p50_ms": 0.1436040038242936,
      "p95_ms": 0.24342297110706568,
      "p99_ms": 0.3180530713871118,
      "mean_ms": 0.1488248654641211
    }
  },
  "deltas": {
    "ndcg_at_k": 0.058604943018269066,
    "recall_at_k": -0.1349698911384335,
    "precision_at_k": -2.1684043449710084e-16,
    "mrr": 0.010336264178803883,
    "hit_rate": -0.18518518518518515,
    "coverage": -0.23885047612983507
  },
  "timestamp": "2026-04-25T22:38:19"
}
