{
  "loader": "amazon-book",
  "n_train": 2380730,
  "n_test": 603378,
  "n_users_evaluated": 200,
  "k": 10,
  "metrics": {
    "v1": {
      "ndcg_at_k": 0.02401524812248665,
      "recall_at_k": 0.02120957424218294,
      "precision_at_k": 0.016,
      "mrr": 0.049136904761904764,
      "hit_rate": 0.12,
      "coverage": 0.007478247579122043
    },
    "v2": {
      "ndcg_at_k": 0.026116611258731468,
      "recall_at_k": 0.023459574242182937,
      "precision_at_k": 0.017,
      "mrr": 0.051123015873015876,
      "hit_rate": 0.125,
      "coverage": 0.008493542505922554
    }
  },
  "timing": {
    "v1": {
      "fit_s": 130.95739800017327,
      "p50_ms": 25.43610450811684,
      "p95_ms": 28.466104215476662,
      "p99_ms": 32.01756402850148,
      "mean_ms": 25.801037503406405
    },
    "v2": {
      "fit_s": 801.4768421249464,
      "p50_ms": 1.272958004847169,
      "p95_ms": 3.0048269312828735,
      "p99_ms": 5.623028010595563,
      "mean_ms": 1.5075180935673416
    }
  },
  "deltas": {
    "ndcg_at_k": 0.08750120446505862,
    "recall_at_k": 0.10608416625002574,
    "precision_at_k": 0.06250000000000006,
    "mrr": 0.0404199475065617,
    "hit_rate": 0.041666666666666706,
    "coverage": 0.13576642335766415
  },
  "timestamp": "2026-04-25T23:07:21"
}
