{
  "loader": "amazon-beauty",
  "n_train": 178651,
  "n_test": 19851,
  "n_users_evaluated": 300,
  "k": 10,
  "metrics": {
    "v1": {
      "ndcg_at_k": 0.027452305624314624,
      "recall_at_k": 0.03735401002506265,
      "precision_at_k": 0.016000000000000004,
      "mrr": 0.03941534391534392,
      "hit_rate": 0.09,
      "coverage": 0.11853772795716915
    },
    "v2": {
      "ndcg_at_k": 0.028891546498943318,
      "recall_at_k": 0.032185359231411866,
      "precision_at_k": 0.016000000000000004,
      "mrr": 0.039628306878306874,
      "hit_rate": 0.07333333333333333,
      "coverage": 0.08637845973743624
    }
  },
  "timing": {
    "v1": {
      "fit_s": 8.769311166834086,
      "p50_ms": 2.2078545298427343,
      "p95_ms": 3.3910546335391754,
      "p99_ms": 6.35336624924093,
      "mean_ms": 2.3836362400713065
    },
    "v2": {
      "fit_s": 44.87169591593556,
      "p50_ms": 0.1263124868273735,
      "p95_ms": 0.2138349344022572,
      "p99_ms": 0.2878721873275935,
      "mean_ms": 0.1310970812725524
    }
  },
  "deltas": {
    "ndcg_at_k": 0.05242695802402666,
    "recall_at_k": -0.13836936891602492,
    "precision_at_k": 0.0,
    "mrr": 0.005403047184374625,
    "hit_rate": -0.18518518518518515,
    "coverage": -0.2712998534217976
  },
  "timestamp": "2026-04-25T22:58:06"
}
