{
  "loader": "amazon-beauty",
  "n_train": 178651,
  "n_test": 19851,
  "n_users_evaluated": 200,
  "k": 10,
  "metrics": {
    "v1": {
      "ndcg_at_k": 0.03361200131119779,
      "recall_at_k": 0.04758867521367522,
      "precision_at_k": 0.017,
      "mrr": 0.04094444444444445,
      "hit_rate": 0.085,
      "coverage": 0.08792036138531036
    },
    "v2": {
      "ndcg_at_k": 0.03835749751279732,
      "recall_at_k": 0.060449786324786314,
      "precision_at_k": 0.0195,
      "mrr": 0.03956746031746032,
      "hit_rate": 0.11,
      "coverage": 0.06990551049418847
    }
  },
  "timing": {
    "v1": {
      "fit_s": 8.918694874970242,
      "p50_ms": 2.2038749884814024,
      "p95_ms": 5.649941437877709,
      "p99_ms": 6.902104711625724,
      "mean_ms": 2.537585450336337
    },
    "v2": {
      "fit_s": 45.75142587488517,
      "p50_ms": 0.13068749103695154,
      "p95_ms": 0.22686938755214167,
      "p99_ms": 0.3316437010653309,
      "mean_ms": 0.13598104589618742
    }
  },
  "deltas": {
    "ndcg_at_k": 0.14118457742706844,
    "recall_at_k": 0.27025570796758147,
    "precision_at_k": 0.1470588235294117,
    "mrr": -0.03363054855592174,
    "hit_rate": 0.29411764705882343,
    "coverage": -0.2048996456255671
  },
  "timestamp": "2026-04-25T23:06:23"
}
