{
  "loader": "amazon-beauty",
  "n_train": 178651,
  "n_test": 19851,
  "n_users_evaluated": 300,
  "k": 10,
  "metrics": {
    "v1": {
      "ndcg_at_k": 0.027452305624314624,
      "recall_at_k": 0.03735401002506265,
      "precision_at_k": 0.016000000000000004,
      "mrr": 0.03941534391534392,
      "hit_rate": 0.09,
      "coverage": 0.11853772795716915
    },
    "v2": {
      "ndcg_at_k": 0.02906114643114769,
      "recall_at_k": 0.032312343358395994,
      "precision_at_k": 0.016,
      "mrr": 0.03982275132275132,
      "hit_rate": 0.07333333333333333,
      "coverage": 0.09022493519525043
    }
  },
  "timing": {
    "v1": {
      "fit_s": 8.820645167026669,
      "p50_ms": 2.2096039028838277,
      "p95_ms": 4.0545060648582885,
      "p99_ms": 6.540479937102637,
      "mean_ms": 2.441689556774994
    },
    "v2": {
      "fit_s": 43.159875832963735,
      "p50_ms": 0.09081256575882435,
      "p95_ms": 0.1850037137046457,
      "p99_ms": 0.2637933357618749,
      "mean_ms": 0.10089624207466841
    }
  },
  "deltas": {
    "ndcg_at_k": 0.058604943018269066,
    "recall_at_k": -0.1349698911384335,
    "precision_at_k": -2.1684043449710084e-16,
    "mrr": 0.010336264178803883,
    "hit_rate": -0.18518518518518515,
    "coverage": -0.23885047612983507
  },
  "timestamp": "2026-04-25T22:25:42"
}
