{
  "loader": "movielens-1m",
  "n_train": 900188,
  "n_test": 100021,
  "n_users_evaluated": 500,
  "k": 10,
  "metrics": {
    "v1": {
      "ndcg_at_k": 0.26666870366272727,
      "recall_at_k": 0.04291479779948281,
      "precision_at_k": 0.2524,
      "mrr": 0.4135928571428571,
      "hit_rate": 0.66,
      "coverage": 0.033426183844011144
    },
    "v2": {
      "ndcg_at_k": 0.26285118557774145,
      "recall_at_k": 0.04316528101173112,
      "precision_at_k": 0.2508,
      "mrr": 0.40770396825396826,
      "hit_rate": 0.66,
      "coverage": 0.03643284393692224
    }
  },
  "timing": {
    "v1": {
      "fit_s": 25.211465124972165,
      "p50_ms": 3.0638964381068945,
      "p95_ms": 7.420093915425239,
      "p99_ms": 9.08280845498666,
      "mean_ms": 3.581724489107728
    },
    "v2": {
      "fit_s": 9.970243209041655,
      "p50_ms": 0.6351040210574865,
      "p95_ms": 2.733697090297937,
      "p99_ms": 3.3930004644207648,
      "mean_ms": 0.9137234049849212
    }
  },
  "deltas": {
    "ndcg_at_k": -0.014315583465745092,
    "recall_at_k": 0.005836756202806358,
    "precision_at_k": -0.0063391442155308645,
    "mrr": -0.014238371836423616,
    "hit_rate": 0.0,
    "coverage": 0.0899492477795903
  },
  "timestamp": "2026-04-25T22:21:41"
}
