{
  "loader": "movielens-1m",
  "n_train": 900188,
  "n_test": 100021,
  "n_users_evaluated": 200,
  "k": 10,
  "metrics": {
    "v1": {
      "ndcg_at_k": 0.2694967567225242,
      "recall_at_k": 0.04517070399596342,
      "precision_at_k": 0.25050000000000006,
      "mrr": 0.4356230158730159,
      "hit_rate": 0.68,
      "coverage": 0.03203342618384401
    },
    "v2": {
      "ndcg_at_k": 0.2602218497528328,
      "recall_at_k": 0.04617775906151794,
      "precision_at_k": 0.248,
      "mrr": 0.4106646825396825,
      "hit_rate": 0.685,
      "coverage": 0.03507340946166395
    }
  },
  "timing": {
    "v1": {
      "fit_s": 25.069725584005937,
      "p50_ms": 2.930229064077139,
      "p95_ms": 7.460118643939494,
      "p99_ms": 9.825751734897493,
      "mean_ms": 3.602621217723936
    },
    "v2": {
      "fit_s": 14.390258375089616,
      "p50_ms": 0.7449790136888623,
      "p95_ms": 2.957087231334298,
      "p99_ms": 4.2869362281635395,
      "mean_ms": 1.0965618107002228
    }
  },
  "deltas": {
    "ndcg_at_k": -0.03441565339222587,
    "recall_at_k": 0.02229442927532219,
    "precision_at_k": -0.00998003992015991,
    "mrr": -0.057293422119387545,
    "hit_rate": 0.007352941176470594,
    "coverage": 0.09490034754237889
  },
  "timestamp": "2026-04-25T23:05:37"
}
