{
  "loader": "synthetic_medium",
  "n_train": 26962,
  "n_test": 3038,
  "n_users_evaluated": 200,
  "k": 10,
  "metrics": {
    "v1": {
      "ndcg_at_k": 0.012431088305921156,
      "recall_at_k": 0.02208333333333333,
      "precision_at_k": 0.005,
      "mrr": 0.012791666666666666,
      "hit_rate": 0.045,
      "coverage": 0.592
    },
    "v2": {
      "ndcg_at_k": 0.012309015860802752,
      "recall_at_k": 0.01958333333333333,
      "precision_at_k": 0.0045000000000000005,
      "mrr": 0.014541666666666666,
      "hit_rate": 0.04,
      "coverage": 0.582
    }
  },
  "timing": {
    "v1": {
      "fit_s": 0.8300363749731332,
      "p50_ms": 0.7027084939181805,
      "p95_ms": 1.0232682689093047,
      "p99_ms": 1.311852426733819,
      "mean_ms": 0.7426550169475377
    },
    "v2": {
      "fit_s": 0.48256187490187585,
      "p50_ms": 0.0320834806188941,
      "p95_ms": 0.04238538676872849,
      "p99_ms": 0.05199020262807605,
      "mean_ms": 0.03380645881406963
    }
  },
  "deltas": {
    "ndcg_at_k": -0.009819932262910516,
    "recall_at_k": -0.11320754716981128,
    "precision_at_k": -0.09999999999999991,
    "mrr": 0.13680781758957652,
    "hit_rate": -0.11111111111111106,
    "coverage": -0.016891891891891907
  },
  "timestamp": "2026-04-25T22:20:31"
}
