{
  "loader": "synthetic_large",
  "n_train": 359820,
  "n_test": 40180,
  "n_users_evaluated": 500,
  "k": 10,
  "metrics": {
    "v1": {
      "ndcg_at_k": 0.003955188672212702,
      "recall_at_k": 0.006968253968253967,
      "precision_at_k": 0.003,
      "mrr": 0.005271428571428571,
      "hit_rate": 0.03,
      "coverage": 0.274
    },
    "v2": {
      "ndcg_at_k": 0.004616490860429211,
      "recall_at_k": 0.007968253968253968,
      "precision_at_k": 0.0032,
      "mrr": 0.0064555555555555555,
      "hit_rate": 0.032,
      "coverage": 0.257
    }
  },
  "timing": {
    "v1": {
      "fit_s": 9.613320666830987,
      "p50_ms": 1.3270630734041333,
      "p95_ms": 1.7398687778040751,
      "p99_ms": 1.9958425872027867,
      "mean_ms": 1.389695017132908
    },
    "v2": {
      "fit_s": 14.28343249997124,
      "p50_ms": 0.14002108946442604,
      "p95_ms": 0.2104276092723011,
      "p99_ms": 0.31572909560054524,
      "mean_ms": 0.14910008804872632
    }
  },
  "deltas": {
    "ndcg_at_k": 0.16719864538005674,
    "recall_at_k": 0.14350797266514823,
    "precision_at_k": 0.0666666666666667,
    "mrr": 0.22463113520024097,
    "hit_rate": 0.06666666666666674,
    "coverage": -0.062043795620438005
  },
  "timestamp": "2026-04-25T22:20:46"
}
